dependent,publisher,line,from_version,to_version,to_published_at,removed_pkg,added_pkgs,added_count,vote_each
@arundo/edge-agent-types,@arundo,2,2.14.2,2.15.0,2022-03-09 14:07:30,@hapi/joi,joi,1,1.0
@shoaltogether/protobuf-to-joi,@shoaltogether,2,2.2.1,2.3.0,2021-01-31 19:58:22,@hapi/joi,joi,1,1.0
gatsby-plugin-csv-feed,https://github.com/hutsoninc/gatsby-plugin-csv-feed,2,2.0.0,2.0.1,2021-10-29 13:35:19,@hapi/joi,joi,1,1.0
@trusk/amqp-connector,@trusk,1,1.6.1,1.6.2,2022-07-01 21:48:06,@hapi/joi,joi,1,1.0
graphed,https://github.com/feliperohdee/graphed,1,1.0.15,1.0.16,2020-08-11 19:26:44,@hapi/joi,joi,1,1.0
@vivy/vivy-components,@vivy,0.4,0.4.4,0.4.5,2018-10-29 16:46:40,babel-eslint,@storybook/storybook-deployer,1,1.0
@webank/eslint-config-webank,@webank,0.2,0.2.10,0.2.11,2021-02-08 07:20:52,babel-eslint,@babel/eslint-parser,1,1.0
@strongvault/sdk,@strongvault,1,1.0.11,1.0.12,2019-04-01 17:17:52,babel-eslint,pdf2json,1,1.0
@sitaggart/eslint-config,@sitaggart,0.5,0.5.233,0.5.234,2021-06-20 00:53:19,babel-eslint,@babel/eslint-parser,1,1.0
affiliate-window,ssh://git@github.com/denodell/affiliate-window,0.0,0.0.1,0.0.2,2016-08-23 20:35:32,babel-eslint,soap-as-promised,1,1.0
@bg-dev/nuxt-auth,@bg-dev,0.1,0.1.5,0.1.6,2023-05-20 15:51:15,bcrypt,bcryptjs,1,1.0
simple-oidc-server,simple-oidc-server,1,1.2.6,1.3.0,2019-02-05 05:53:15,bcrypt,bcryptjs,1,1.0
@designsystemsinternational/react-admin-github,@designsystemsinternational,0.7,0.7.1,0.7.2,2022-07-26 08:42:21,bcrypt,bcryptjs,1,1.0
presidium,https://github.com/richytong/presidium,2,2.0.1,2.1.0,2026-02-19 16:19:42,bcrypt,html-entities,1,1.0
node-red-contrib-opus20,node-red-contrib-opus20,1,1.1.3,1.1.5,2024-08-29 07:57:20,bcrypt,bcryptjs,1,1.0
vite-auto-deploy,gitee.com/mxp_open/vite_auto_deploy_js,1,1.1.14,1.1.15,2023-01-31 03:48:41,chalk,nanospinner,1,1.0
entexto,entexto,2,2.2.0,2.2.2,2026-04-09 14:55:36,chalk,entexto-cli,1,1.0
@aeonkit/react,@aeonkit,0.0,0.0.38,0.0.39,2024-02-20 01:03:40,chalk,react-icons,1,1.0
sheetflow,https://github.com/rungtavaidik/sheetflow,1,1.0.0,1.1.0,2023-05-09 14:25:19,chalk,sheetflow,1,1.0
git-review-cli,git-review-cli,1,1.0.2,1.0.3,2026-04-22 23:49:10,chalk,@google/generative-ai,1,1.0
hubble,ssh://git@github.com/jaymedavis/hubble,0.5,0.5.2,0.5.3,2018-08-31 16:49:06,coffee-script,coffeescript,1,1.0
testutil,github.com/jprichardson/testutil,0.0,0.0.2,0.0.3,2012-02-04 06:59:35,coffee-script,string,1,1.0
w3gram-server,https://github.com/pwnall/w3gram-server,0.3,0.3.2,0.3.3,2019-05-27 11:51:44,coffee-script,coffeescript,1,1.0
resin-cli,ssh://git@github.com/resin-io/resin-cli,6,6.13.0,6.13.1,2018-02-07 12:14:02,coffee-script,coffeescript,1,1.0
hubot-loggly-slack,github.com/spanishdict/hubot-loggly-slack,0.0,0.0.6,0.0.7,2014-11-24 01:11:25,coffee-script,body-parser,1,1.0
tlog,git@github.com:hakovala/node-tlog,0.2,0.2.3,0.2.4,2015-02-24 18:07:36,colors,clivi,1,1.0
cmyr-template-cli,https://github.com/caomeiyouren/cmyr-template-cli,1,1.33.2,1.33.3,2024-12-13 12:14:14,colors,@colors/colors,1,1.0
postcss-build,ssh://git@github.com/otissv/postcss-build,1,1.0.9,1.1.0,2016-07-03 10:05:36,colors,chalk,1,1.0
cicp,cicp,0.0,0.0.1,0.0.2,2019-12-06 11:50:41,colors,cicp-taroui,1,1.0
xinix-pax,github.com/xinix-technology/pax,1,1.0.4,1.0.5,2014-04-28 06:42:55,colors,cli-color,1,1.0
sequelize-bakery,sequelize-bakery,0.0,0.0.2,0.0.3,2022-06-11 11:16:17,faker,@faker-js/faker,1,1.0
wertik-js,https://github.com/uconnect-technologies/wertik-js,1,1.9.98,1.9.99,2020-12-20 21:53:25,faker,sequelize,1,1.0
artillery-plugin-chance,https://github.com/beyonk-adventures/artillery-plugin-chance,0.1,0.1.0,0.1.1,2019-10-11 10:33:12,faker,chance,1,1.0
@daffodil/core,@daffodil,0.39,0.39.9,0.39.10,2022-02-01 16:51:40,faker,@faker-js/faker,1,1.0
@nfq/open-api-mocker,@nfq,1,1.8.0,1.8.1,2021-11-18 15:11:06,faker,@nfq/faker,1,1.0
@lernetz/gulp-typescript-template,@lernetz,0.1,0.1.0,0.1.1,2018-08-27 08:46:00,gulp-util,plugin-error,1,1.0
gulp-htmlclean,github.com/anseki/gulp-htmlclean,2,2.7.16,2.7.17,2018-02-09 07:36:40,gulp-util,plugin-error,1,1.0
rocktime-gulp,rocktime-gulp,1,1.0.9,1.1.0,2020-12-15 14:17:32,gulp-util,fancy-log,1,1.0
gulp-sass-parent,ssh://git@github.com/luckyraul/gulp-sass-parent,2,2.0.0,2.0.1,2020-05-06 20:36:59,gulp-util,vinyl,1,1.0
gulp-istanbul,github.com/sboudrias/gulp-istanbul,1,1.1.2,1.1.3,2018-01-02 17:11:04,gulp-util,plugin-error,1,1.0
style-pot,git@github.lo.mixi.jp:takahashe/style-pot,0.0,0.0.1,0.0.2,2016-08-24 06:53:23,jade,pug,1,1.0
auth0-oauth2-express,auth0-oauth2-express,1,1.1.8,1.1.10,2016-09-30 00:45:34,jade,pug,1,1.0
mongui,https://github.com/jjtortosa/mongui,1,1.0.0,1.0.1,2016-10-05 13:10:54,jade,pug,1,1.0
ack-node,https://github.com/ackerapple/ack-node,1,1.0.28,1.0.29,2016-11-23 17:33:57,jade,pug,1,1.0
hydra-login-consent-logout,hydra-login-consent-logout,1,1.4.2,1.4.3,2020-04-16 10:18:15,jade,pug,1,1.0
@orbis-systems/orbis-api-clients,@orbis-systems,0.1,0.1.1,0.1.2,2024-09-27 21:19:17,jsonwebtoken,jwt-decode,1,1.0
@goweekdays/core,@goweekdays,0.1,0.1.1,0.1.0,2025-11-09 02:22:30,jsonwebtoken,@eeplatform/nodejs-utils,1,1.0
@vendia/share-sdk,@vendia,2,2.13.3,2.14.0,2024-01-17 03:18:00,jsonwebtoken,jose,1,1.0
authing-js-sdk,https://github.com/authing/authing.js,4,4.4.1,4.5.0,2020-11-12 12:30:00,jsonwebtoken,jsencrypt,1,1.0
servicejs,https://github.com/setmy-info/servicejs,1,1.1.7,1.1.8,2019-07-13 07:10:28,jsonwebtoken,js-api-extend,1,1.0
@azteam/huobi-api,@azteam,1,1.0.194,1.0.195,2022-08-02 18:19:29,mkdirp,fs-extra,1,1.0
shower-cli,https://github.com/shower/cli,0.1,0.1.0,0.1.1,2018-06-22 22:04:58,mkdirp,browser-sync,1,1.0
gulp-tinypng-nokey,github.com/paper/gulp-tinypng-nokey,1,1.0.4,1.1.0,2017-08-28 14:11:10,mkdirp,gulp,1,1.0
@troublemaker619/env_mapper,@troublemaker619,1,1.0.0,1.0.1,2021-02-28 12:07:13,mkdirp,dotenv,1,1.0
web-project-builder,https://github.com/app4pc/automatic-web-project-builder,0.0,0.0.0,0.0.1,2016-08-25 11:59:10,mkdirp,shelljs,1,1.0
node-express-mongodb-jwt-rest-api-skeleton,https://github.com/davellanedam/node-express-mongodb-jwt-rest-api-skeleton,0.1,0.1.4,0.1.6,2018-09-12 09:42:41,moment,date-fns,1,1.0
indicative,https://github.com/poppinss/indicative,3,3.0.0,3.0.1,2017-10-29 10:16:18,moment,date-fns,1,1.0
ddlazy-ui,https://github.com/lazydd/ddlazy-ui,1,1.1.5,1.1.6,2023-07-21 09:41:33,moment,dayjs,1,1.0
@diemmea/dma-design-system,@diemmea,0.17,0.17.21,0.17.22,2025-07-28 13:16:20,moment,moment-timezone,1,1.0
@wordpress/block-library,@wordpress,2,2.9.10,2.4.12,2021-09-08 18:26:47,moment,@wordpress/html-entities,1,1.0
@apiverve/phishingcheck,@apiverve,1,1.1.14,1.2.0,2026-07-15 21:58:00,node-fetch,form-data,1,1.0
@apiverve/spfvalidator,@apiverve,1,1.1.14,1.2.0,2026-07-15 22:19:59,node-fetch,form-data,1,1.0
@apideck/node,@apideck,1,1.1.0,1.2.0,2021-11-16 11:40:35,node-fetch,node-fetch-commonjs,1,1.0
@apiverve/bucketlist,@apiverve,1,1.1.14,1.2.0,2026-07-15 20:48:47,node-fetch,form-data,1,1.0
@apiverve/superheroname,@apiverve,1,1.1.14,1.2.0,2026-07-15 22:25:29,node-fetch,form-data,1,1.0
react-redux-app-boilerplate,react-redux-app-boilerplate,1,1.0.3,1.0.4,2018-07-09 08:49:56,node-sass,path,1,1.0
rollup-plugin-sass-modules,https://github.com/edoardocavazza/rollup-plugin-sass-modules,1,1.2.1,1.3.0,2017-11-05 10:52:34,node-sass,sass,1,1.0
macross-bundler,macross-bundler,0.1,0.1.14,0.1.15,2023-06-14 04:12:05,node-sass,sass,1,1.0
layout-ry,layout-ry,0.1,0.1.2,0.1.3,2020-12-28 07:37:09,node-sass,path-to-regexp,1,1.0
imt-cli,https://github.com/hxfdarling/imt,0.4,0.4.13,0.4.14,2018-12-23 06:28:57,node-sass,sass,1,1.0
microflo,ssh://git@github.com/microflo/microflo,0.3,0.3.40,0.3.42,2017-01-09 22:07:58,node-uuid,uuid,1,1.0
pumlhorse,https://github.com/pumlhorse/pumlhorse,1,1.1.0,1.2.0,2016-11-25 20:56:57,node-uuid,uuid,1,1.0
bip-pod-soundcloud,github.com/bipio-server/bip-pod-soundcloud,0.0,0.0.3,0.0.4,2013-11-09 19:59:10,node-uuid,moment,1,1.0
ms-token,https://github.com/makeomatic/ms-token,1,1.2.2,1.3.0,2016-12-20 18:04:17,node-uuid,uuid,1,1.0
formide-cli,github.com/printr3d/formide-cli,0.1,0.1.24,0.1.25,2015-06-10 11:51:11,node-uuid,commander,1,1.0
shortcircuit,git@github.com:agilediagnosis/shortcircuit,0.5,0.5.2,0.5.3,2013-12-06 19:43:35,q,bluebird,1,1.0
app_mysqli_js,https://github.com/aleciurleo/app-mysqli-js,1,1.4.3,1.4.4,2018-05-11 11:08:17,q,app-code-js,1,1.0
socket.io-rpc,github.com/capaj/socket.io-rpc,0.0,0.0.8,0.0.9,2013-04-30 11:22:54,q,when,1,1.0
cannabis-reports,https://github.com/ajfunk/cannabis-reports,1,1.0.6,1.1.1,2017-04-13 01:05:08,q,babel-plugin-transform-runtime,1,1.0
donejs-test-plugin,ssh://git@github.com/donejs/donejs-test-plugin,0.0,0.0.4,0.0.5,2015-10-16 18:57:40,q,yeoman-generator,1,1.0
arvis-core,https://github.com/jopemachine/arvis-core,0.1,0.1.23,0.1.24,2021-06-22 17:21:58,querystring,encodeurl,1,1.0
buyborghi-api,buyborghi-api,1,1.0.4,1.0.5,2020-02-03 10:31:15,querystring,axios,1,1.0
socketcluster-client,github.com/socketcluster/socketcluster-client,16,16.0.4,16.1.0,2022-06-02 22:11:38,querystring,vinyl-buffer,1,1.0
node-seafile,gitlab.riksolo.com/riksolo/node-seafile,1,1.0.1,1.1.0,2017-08-31 23:34:25,querystring,query-string,1,1.0
fca-jerry,https://github.com/jerry/fca-jerry,1,1.0.3,1.1.0,2025-12-21 03:21:23,querystring,form-data,1,1.0
wechat-all,https://github.com/qq920280762/wechat-all,1,1.0.0,1.0.1,2017-07-20 08:01:16,request,request-utils,1,1.0
tea-code-npm,ssh://git@github.com/suresh87/tea-code-npm,1,1.4.3,1.5.0,2024-03-02 04:26:18,request,@suresh1989/tea-code-npm,1,1.0
@idrsolutions/idrcloudclient,@idrsolutions,4,4.2.0,4.3.0,2022-06-20 14:15:42,request,form-data,1,1.0
@vudash/datasource-rest,@vudash,6,6.0.2,6.1.0,2017-03-31 14:19:41,request,got,1,1.0
hexo-random-top-img,https://github.com/fyved24/hexo-random-top-img,0.0,0.0.7,0.0.8,2020-03-09 20:38:13,request,axios,1,1.0
@tv2media/blueprints-integration,@tv2media,1,1.37.1,1.41.0,2022-03-21 11:45:46,underscore,type-fest,1,1.0
chart-reaction,chart-reaction,0.1,0.1.2,0.1.3,2018-01-07 16:28:24,underscore,webpack,1,1.0
apply-diff,github.com/mohsen1/apply-diff,1,1.0.0,1.1.0,2015-02-14 09:13:45,underscore,lodash,1,1.0
fedtools-i18n,https://github.com/aversini/fedtools-i18n,0.0,0.0.16,0.0.17,2016-08-27 01:13:57,underscore,lodash,1,1.0
jsreport-fop-pdf,ssh://git@github.com/jsreport/jsreport-fop-pdf,1,1.1.0,1.1.1,2017-03-30 22:06:17,underscore,uuid,1,1.0
hurlyburly,https://github.com/fantasyui-com/hurlyburly,1,1.29.0,1.30.0,2018-06-29 17:20:36,uuid,transfusion,1,1.0
tril-test,tril-test,1,1.4.0,1.5.0,2022-12-16 11:55:58,uuid,babel,1,1.0
type-fns,https://github.com/ehmpathy/type-fns,1,1.19.0,1.20.1,2025-09-01 17:44:31,uuid,helpful-errors,1,1.0
@aws-sdk/client-partnercentral-selling,@aws-sdk,3,3.895.0,3.896.0,2025-09-24 19:05:26,uuid,@smithy/uuid,1,1.0
@sectester/core,@sectester,0.36,0.36.0,0.36.1,2025-02-28 18:43:51,uuid,undici-types,1,1.0
