from_pkg,to_pkg,votes,co_events,removal_events,publisher_months,a_pct,b_pct,lift,example_dependent,example_from_version,example_to_version,example_to_date
lodash,lodash-es,1245.3,1403,6580,918,21.32,0.02,1073.1,contentful-import,10.2.1,10.2.2,2026-08-28
request,axios,583.8,702,2745,664,25.57,0.149,171.6,sc-node-tools,1.4.3,1.4.4,2026-06-05
underscore,lodash,487.1,575,1017,568,56.54,0.169,335.3,@create-node-app/core,0.6.0,0.6.1,2026-07-01
node-uuid,uuid,486.5,548,657,524,83.41,0.078,1069.0,viewdb_persistence_store_remote,4.3.1,4.4.0,2026-06-17
node-sass,sass,382.1,468,1153,452,40.59,0.015,2625.5,sissi-core,0.1.6,0.1.7,2026-06-29
node-fetch,axios,357.8,427,2395,409,17.83,0.149,119.6,botium-connector-twilio-ivr,0.0.4,0.0.5,2026-08-28
moment,dayjs,347.5,411,2045,385,20.1,0.023,857.1,@bluemarble/bm-components,2.4.1,2.4.2,2026-08-04
request,node-fetch,285.0,370,2745,356,13.48,0.045,299.5,homebridge-garagedooropenercloud,1.2.19,1.2.21,2025-12-25
colors,chalk,280.0,371,857,362,43.29,0.107,404.2,http-up,1.3.0,1.3.2,2024-12-10
core-js,tslib,255.4,268,1537,250,17.44,0.101,173.2,trade-datepicker,6.0.0,6.0.1,2026-05-20
chalk,picocolors,242.9,311,2852,248,10.9,0.006,1857.9,discord-coding-status,1.3.0,1.4.0,2026-08-18
babel-eslint,@babel/eslint-parser,232.2,318,936,301,33.97,0.004,8063.0,@mendix/pluggable-widgets-tools,11.3.1,11.6.0,2026-03-04
gulp-util,plugin-error,224.0,339,539,336,62.89,0.002,25722.8,@creative-web-solution/front-package-watcher,1.0.1,1.0.2,2026-07-02
@hapi/joi,joi,214.6,236,319,197,73.98,0.007,10285.4,pelias-wof-admin-lookup,7.17.0,7.18.0,2026-06-23
bcrypt,bcryptjs,193.8,227,387,218,58.66,0.006,9844.3,solarch,0.15.0,0.15.1,2026-07-14
axios,node-fetch,192.9,255,3876,247,6.58,0.045,146.2,isbn-info,3.0.0,3.1.0,2026-07-07
babel-preset-es2015,babel-preset-env,170.4,239,955,232,25.03,0.011,2180.4,aframe-inspector,1.2.0,1.3.0,2022-02-04
moment,date-fns,166.7,212,2045,205,10.37,0.025,414.5,@samhammer/migrate-mongo-sag,1.30.0,1.40.0,2026-07-08
node-fetch,cross-fetch,166.6,189,2395,180,7.89,0.006,1304.9,zdu-student-api,1.1.0,1.1.1,2025-12-13
request,got,150.2,199,2745,198,7.25,0.008,853.0,visense-tools,2.1.22,2.2.0,2026-06-01
tslib,@babel/runtime,146.2,150,1650,15,9.09,0.031,296.0,widget-button,1.0.1,1.0.2,2025-04-17
request-promise,axios,144.9,171,575,168,29.74,0.149,199.5,service2service,2.2.0,2.3.0,2026-03-09
prop-types,@babel/core,131.8,275,2324,21,11.83,0.037,320.4,react-megaera,1.0.2,1.1.2,2018-10-04
babel-core,@babel/core,123.2,410,1220,388,33.61,0.037,909.8,s-h-grunt,1.3.0,1.3.1,2025-05-06
q,bluebird,97.8,116,429,116,27.04,0.021,1287.4,phantom-worker,0.0.0,0.0.1,2018-08-03
uuid,nanoid,97.2,115,1970,100,5.84,0.011,553.5,@jsreport/jsreport-fs-store-aws-s3-persistence,4.2.0,4.2.1,2026-04-28
node-fetch,undici,97.2,109,2395,101,4.55,0.006,799.7,nktnet1-jsforce,0.1.0,0.1.1,2026-07-15
chalk,kleur,95.0,109,2852,99,3.82,0.003,1450.4,create-lego-one,2.0.3,2.0.5,2026-01-23
moment,luxon,91.9,107,2045,98,5.23,0.005,1013.4,react-frontier,2.0.3,2.0.4,2026-06-19
@babel/polyfill,core-js,89.4,139,648,138,21.45,0.051,420.3,ascendo-ai,1.0.8,1.1.0,2025-07-07
prop-types,lodash,87.4,107,2324,38,4.6,0.169,27.3,@panneau/app,4.0.11,4.0.14,2026-02-25
got,axios,85.9,105,452,104,23.23,0.149,155.8,@gcforms/connectors,2.2.10,2.2.11,2025-10-08
coffee-script,coffeescript,80.9,92,255,92,36.08,0.001,35972.0,sjson5,0.1.7,0.1.8,2025-10-10
node-fetch,isomorphic-fetch,80.2,99,2395,97,4.13,0.005,791.5,signposting-cli,1.0.0,1.0.1,2025-08-09
babel-preset-env,@babel/preset-env,78.9,322,702,302,45.87,0.023,2015.9,project-x-poc-codemod,0.1.5,0.1.6,2024-07-22
tslib,@swc/helpers,75.9,78,1650,17,4.73,0.002,2466.1,gem-book,2.2.5,2.2.7,2026-08-22
jsonwebtoken,jose,74.3,81,518,79,15.64,0.004,3920.9,bedrock-portal-nethernet,2.4.0,2.5.0,2026-08-06
request,superagent,73.4,89,2745,87,3.24,0.006,514.4,node-red-contrib-services-mentor,0.0.40,0.0.41,2025-06-07
jade,pug,70.9,94,183,94,51.37,0.003,16773.8,express-gen-ts,0.0.1,0.0.2,2024-07-28
babel-core,@babel/preset-env,68.2,321,1220,304,26.31,0.023,1156.4,@omen/cli,0.1.2,0.1.3,2018-10-25
chalk,colors,67.3,94,2852,91,3.3,0.029,111.9,xlinepair-alpha,0.1.0,0.1.2,2026-03-27
request-promise,node-fetch,65.4,90,575,82,15.65,0.045,347.8,warframe.js,1.3.3,1.3.4,2025-11-29
moment,moment-timezone,64.9,73,2045,67,3.57,0.01,363.2,uid-utilities,1.0.16,1.0.17,2025-12-02
mkdirp,fs-extra,64.6,104,795,102,13.08,0.053,246.7,cql-exec-vsac,2.0.2,2.1.0,2023-10-16
request,form-data,61.8,137,2745,130,4.99,0.018,278.7,q-koa,13.6.4,13.6.6,2026-08-11
gulp-util,fancy-log,58.3,145,539,145,26.9,0.002,15905.2,airkit,1.0.2,1.0.3,2021-12-02
babel-preset-env,@babel/core,57.9,288,702,270,41.03,0.037,1110.7,backfront,1.5.1,1.6.0,2019-01-29
gulp-util,vinyl,55.8,110,539,110,20.41,0.002,10746.3,@appirio/salesforce,3.2.1,3.3.0,2020-06-19
faker,@faker-js/faker,54.4,59,147,46,40.14,0.002,19949.8,@bernierllc/content-management-tests,0.1.1,0.1.2,2025-12-21
@babel/polyfill,regenerator-runtime,49.2,87,648,86,13.43,0.008,1715.2,coremodular-ui,1.0.7,1.0.8,2024-12-25
jsonwebtoken,jwt-decode,44.6,52,518,51,10.04,0.007,1543.4,betanext-auth,1.0.1,1.0.2,2026-04-21
rimraf,fs-extra,43.8,68,955,68,7.12,0.053,134.3,@elog/cli,0.9.0,0.9.1,2023-11-03
@babel/polyfill,@babel/runtime,43.3,51,648,48,7.87,0.031,256.3,leaflet-extended,1.0.0,1.0.1,2022-10-04
react-router,react-router-dom,42.2,71,435,68,16.32,0.022,748.4,@kie-tools/runtime-tools-shared-webapp-components,10.1.0,10.2.0,2026-04-26
babel-eslint,@babel/core,42.1,115,936,112,12.29,0.037,332.6,eslint-config-dt-insight-test,0.0.5,0.0.6,2022-04-07
superagent,request,40.6,56,319,54,17.55,0.044,400.4,swagger-to-request,0.0.4,0.0.5,2023-04-21
webpack,react-scripts,38.5,67,1409,65,4.76,0.011,442.7,my-customer-components,1.0.0,1.0.1,2025-03-27
superagent,axios,38.3,49,319,48,15.36,0.149,103.0,signalk-marinetraffic-public,0.0.2,0.0.3,2025-11-28
core-js,@babel/runtime-corejs3,38.3,47,1537,41,3.06,0.004,748.9,mappingutils,2.0.1,2.0.2,2024-11-09
got,node-fetch,37.9,42,452,42,9.29,0.045,206.5,@pbvision/fastify-firestore-service,0.0.10,0.0.11,2026-05-01
typescript,axios,37.7,93,2583,92,3.6,0.149,24.2,datocms-plugin-alt-text-generator-ai,0.0.3,0.0.4,2025-05-16
core-js,@babel/runtime,37.4,50,1537,43,3.25,0.031,105.9,@nion/nion,3.16.0,3.17.0,2026-02-10
request-promise,request-promise-native,37.3,47,575,47,8.17,0.003,2771.3,symbol-post-launch-optin-module,1.0.0,1.0.1,2021-05-14
prop-types,react,36.3,101,2324,97,4.35,0.073,59.3,@sendroks/react-coinbase-commerce,0.0.3,0.0.4,2023-12-06
moment-timezone,dayjs,34.8,42,244,40,17.21,0.023,734.1,appium-xcuitest-driver,11.17.2,11.17.3,2026-07-08
request-promise,got,33.7,40,575,40,6.96,0.008,818.6,liveperson-functions-client,1.2.1,1.3.0,2022-11-08
eslint,react-scripts,32.4,51,1206,50,4.23,0.011,393.7,my-customer-components,1.0.0,1.0.1,2025-03-27
typescript,react,32.1,107,2583,104,4.14,0.073,56.5,twitter-snap,0.0.6,0.0.7,2023-11-04
typescript,react-dom,32.1,100,2583,99,3.87,0.059,65.9,tasty-monial,1.0.9,1.1.0,2025-02-22
jest,react-scripts,32.1,46,652,45,7.06,0.011,656.8,my-customer-components,1.0.0,1.0.1,2025-03-27
bluebird,axios,32.0,40,766,39,5.22,0.149,35.0,signalk-marinetraffic-public,0.0.2,0.0.3,2025-11-28
webpack,react-dom,31.3,104,1409,95,7.38,0.059,125.6,reactdee-codebox,0.0.1,0.0.4,2024-02-22
mkdirp,make-dir,31.3,44,795,37,5.53,0.002,2409.8,@mapbox/node-pre-gyp,1.0.0,1.0.1,2021-03-08
prop-types,react-dom,31.2,96,2324,93,4.13,0.059,70.3,nit-currency-converter,1.0.16,1.0.19,2025-01-13
bcryptjs,bcrypt,29.6,36,143,32,25.17,0.006,3906.1,haunting-things,0.1.0,0.1.1,2026-06-05
babel-preset-es2015,@babel/preset-env,28.6,125,955,119,13.09,0.023,575.3,@ccg.ai/react-scripts,4.0.1,4.0.2,2019-08-29
core-js,lodash,27.0,55,1537,50,3.58,0.169,21.2,geostyler-sld-parser,5.0.1,5.1.0,2023-06-16
babel-eslint,react-scripts,25.8,38,936,37,4.06,0.011,377.9,react-spinners-css,2.0.1,2.0.2,2025-01-05
webpack,prop-types,25.4,50,1409,49,3.55,0.054,65.3,responsive-ui-components,1.0.5,1.0.6,2024-02-24
babel-preset-es2015,@babel/core,24.6,118,955,113,12.36,0.037,334.5,topology-package,1.0.1,1.0.2,2022-03-31
gulp-util,ansi-colors,23.6,71,539,71,13.17,0.003,4867.5,@formbird/angular-elements,7.5.15,7.5.16,2024-10-14
express,axios,23.1,53,1759,53,3.01,0.149,20.2,@mseep/mcp-server,1.0.0,1.0.3,2026-06-22
webpack,react,22.9,80,1409,73,5.68,0.073,77.5,smc-utils,1.0.0,1.0.1,2022-09-09
tslib,rxjs,22.8,146,1650,134,8.85,0.03,296.8,ngx-signalr-websocket,1.1.0,1.2.0,2025-08-06
got,request,20.9,32,452,32,7.08,0.044,161.5,rafa-api,0.0.4,0.0.5,2022-05-05
querystring,query-string,20.4,26,204,24,12.75,0.007,1701.7,@kode-frontend/pathfinder-rn,1.0.10,1.0.15,2026-01-06
querystring,qs,20.1,23,204,23,11.27,0.017,658.5,vve-baidu-translate-service,3.0.2,3.1.1,2025-02-10
bcrypt,bcrypt-nodejs,20.0,24,387,24,6.2,0.001,10449.7,heur-auth,0.1.1,0.1.2,2020-02-13
babel-core,@babel/runtime,19.2,80,1220,77,6.56,0.031,213.5,irest-app-test,3.0.2,3.2.2,2025-08-27
request-promise,form-data,19.0,39,575,33,6.78,0.018,378.7,star2star-js-ms-sdk,4.1.32,4.2.13,2022-07-21
chalk,react,19.0,92,2852,86,3.23,0.073,44.0,@asanka-npm/chameleon,0.0.3,0.0.4,2024-02-09
babel-preset-env,@babel/preset-react,18.0,129,702,124,18.38,0.013,1364.7,@ccg.ai/react-scripts,4.1.14,4.1.15,2019-09-23
babel-core,@babel/preset-react,17.4,133,1220,128,10.9,0.013,809.6,@ccg.ai/react-scripts,4.1.14,4.1.15,2019-09-23
webpack,lodash,16.7,44,1409,44,3.12,0.169,18.5,react-page-egeo,0.0.21,0.0.22,2022-04-15
eslint,lodash,16.3,39,1206,39,3.23,0.169,19.2,@gusmano/reext,0.0.501,0.0.502,2024-07-29
q,smartq,16.3,20,429,20,4.66,0.0,25340.5,smartsystem,1.0.17,1.0.18,2017-06-30
istanbul,nyc,15.7,19,74,18,25.68,0.003,9614.2,pytagora,0.0.211,0.0.212,2023-02-03
moment-timezone,luxon,15.3,20,244,20,8.2,0.005,1587.5,@hanivanrizky/nestjs-browser-action,0.3.3,0.3.4,2026-03-27
node-sass,react-dom,15.1,43,1153,42,3.73,0.059,63.5,@masa-finance/masa-react,3.0.20,3.0.21,2023-08-16
bluebird,lodash,15.0,25,766,25,3.26,0.169,19.4,mockstar-local-server,1.1.6,1.2.1,2020-07-04
