before,after
pipeline/curated/README.md,pipeline/preprocessing/curated/README.md
pipeline/curated/build.py,pipeline/preprocessing/curated/build.py
pipeline/curated/repository.py,pipeline/preprocessing/curated/repository.py
pipeline/curated/requirements.txt,pipeline/preprocessing/curated/requirements.txt
pipeline/curated/storage.py,pipeline/preprocessing/curated/storage.py
pipeline/curated/test_build.py,pipeline/preprocessing/tests/curated/test_build.py
pipeline/curated/test_repository.py,pipeline/preprocessing/tests/curated/test_repository.py
pipeline/curated/test_storage.py,pipeline/preprocessing/tests/curated/test_storage.py
pipeline/curated/test_transform.py,pipeline/preprocessing/tests/curated/test_transform.py
pipeline/curated/transform.py,pipeline/preprocessing/curated/transform.py
pipeline/downloads_interval/README.md,pipeline/preprocessing/downloads_interval/README.md
pipeline/downloads_interval/__init__.py,pipeline/preprocessing/downloads_interval/__init__.py
pipeline/downloads_interval/aggregate.py,pipeline/preprocessing/downloads_interval/aggregate.py
pipeline/downloads_interval/input.py,pipeline/preprocessing/downloads_interval/input.py
pipeline/downloads_interval/load.py,pipeline/preprocessing/downloads_interval/load.py
pipeline/downloads_interval/policy.py,pipeline/preprocessing/downloads_interval/policy.py
pipeline/downloads_interval/test_aggregate.py,pipeline/preprocessing/tests/downloads_interval/test_aggregate.py
pipeline/downloads_interval/test_end_to_end.py,pipeline/preprocessing/tests/downloads_interval/test_end_to_end.py
pipeline/downloads_interval/test_input.py,pipeline/preprocessing/tests/downloads_interval/test_input.py
pipeline/downloads_interval/test_load.py,pipeline/preprocessing/tests/downloads_interval/test_load.py
pipeline/orchestration/CONTRACT.md,pipeline/preprocessing/orchestration/CONTRACT.md
pipeline/orchestration/README.md,pipeline/preprocessing/orchestration/README.md
pipeline/orchestration/__init__.py,pipeline/preprocessing/orchestration/__init__.py
pipeline/orchestration/__main__.py,pipeline/preprocessing/orchestration/__main__.py
pipeline/orchestration/changes.py,pipeline/preprocessing/curated/changes.py
pipeline/orchestration/contracts.py,pipeline/preprocessing/orchestration/contracts.py
pipeline/orchestration/dependents.py,pipeline/preprocessing/orchestration/dependents.py
pipeline/orchestration/intake.py,pipeline/preprocessing/orchestration/intake.py
pipeline/orchestration/request.example.json,pipeline/preprocessing/orchestration/request.example.json
pipeline/orchestration/runner.py,pipeline/preprocessing/orchestration/runner.py
pipeline/orchestration/stages.py,pipeline/preprocessing/orchestration/stages.py
pipeline/orchestration/storage.py,pipeline/preprocessing/orchestration/storage.py
pipeline/orchestration/weekly_parent.py,pipeline/preprocessing/orchestration/weekly_parent.py
pipeline/orchestration/weekly_request.py,pipeline/preprocessing/orchestration/weekly_request.py
pipeline/package_snapshot/README.md,pipeline/preprocessing/package_snapshot/README.md
pipeline/package_snapshot/__init__.py,pipeline/preprocessing/package_snapshot/__init__.py
pipeline/package_snapshot/build.py,pipeline/preprocessing/package_snapshot/build.py
pipeline/package_snapshot/history.py,pipeline/postgresql/package_snapshot/history.py
pipeline/package_snapshot/history_build.py,pipeline/preprocessing/package_snapshot/history_build.py
pipeline/package_snapshot/history_contract.py,pipeline/preprocessing/package_snapshot/history_contract.py
pipeline/package_snapshot/history_inputs.py,pipeline/preprocessing/package_snapshot/history_inputs.py
pipeline/package_snapshot/history_load.py,pipeline/postgresql/package_snapshot/history_load.py
pipeline/package_snapshot/history_policy.py,pipeline/preprocessing/package_snapshot/history_policy.py
pipeline/package_snapshot/input.py,pipeline/preprocessing/package_snapshot/input.py
pipeline/package_snapshot/load.py,pipeline/postgresql/package_snapshot/load.py
pipeline/package_snapshot/policy.py,pipeline/preprocessing/package_snapshot/policy.py
pipeline/package_snapshot/postgres.py,pipeline/postgresql/package_snapshot/postgres.py
pipeline/package_snapshot/quality.py,pipeline/preprocessing/package_snapshot/quality.py
pipeline/package_snapshot/quality_schema.py,pipeline/preprocessing/package_snapshot/quality_schema.py
pipeline/package_snapshot/test_build.py,pipeline/preprocessing/tests/package_snapshot/test_build.py
pipeline/package_snapshot/test_contract.py,pipeline/preprocessing/tests/package_snapshot/test_contract.py
pipeline/package_snapshot/test_history_build.py,pipeline/preprocessing/tests/package_snapshot/test_history_build.py
pipeline/package_snapshot/test_history_contract.py,pipeline/preprocessing/tests/package_snapshot/test_history_contract.py
pipeline/package_snapshot/test_history_postgres.py,pipeline/postgresql/package_snapshot/tests/test_history_postgres.py
pipeline/package_snapshot/test_history_resume.py,pipeline/postgresql/package_snapshot/tests/test_history_resume.py
pipeline/package_snapshot/test_input.py,pipeline/preprocessing/tests/package_snapshot/test_input.py
pipeline/package_snapshot/test_load.py,pipeline/postgresql/package_snapshot/tests/test_load.py
pipeline/package_snapshot/test_postgres.py,pipeline/postgresql/package_snapshot/tests/test_postgres.py
pipeline/package_snapshot/test_quality.py,pipeline/preprocessing/tests/package_snapshot/test_quality.py
pipeline/repository_metrics/README.md,pipeline/preprocessing/repository_metrics/README.md
pipeline/repository_metrics/__init__.py,pipeline/preprocessing/repository_metrics/__init__.py
pipeline/repository_metrics/build.py,pipeline/preprocessing/repository_metrics/build.py
pipeline/repository_metrics/docker_runtime.py,pipeline/preprocessing/repository_metrics/docker_runtime.py
pipeline/repository_metrics/input.py,pipeline/preprocessing/repository_metrics/input.py
pipeline/repository_metrics/policy.py,pipeline/preprocessing/repository_metrics/policy.py
pipeline/repository_metrics/requirements.txt,pipeline/preprocessing/repository_metrics/requirements.txt
pipeline/repository_metrics/runtime.py,pipeline/preprocessing/repository_metrics/runtime.py
pipeline/repository_metrics/spark_job.py,pipeline/preprocessing/repository_metrics/spark_job.py
pipeline/repository_metrics/test_build.py,pipeline/preprocessing/tests/repository_metrics/test_build.py
pipeline/repository_metrics/test_input.py,pipeline/preprocessing/tests/repository_metrics/test_input.py
pipeline/repository_metrics/test_transform.py,pipeline/preprocessing/tests/repository_metrics/test_transform.py
pipeline/repository_metrics/transform.py,pipeline/preprocessing/repository_metrics/transform.py
pipeline/requirements_resolution/.gitattributes,pipeline/preprocessing/requirements_resolution/.gitattributes
pipeline/requirements_resolution/README.md,pipeline/preprocessing/requirements_resolution/README.md
pipeline/requirements_resolution/__init__.py,pipeline/preprocessing/requirements_resolution/__init__.py
pipeline/requirements_resolution/bridge.py,pipeline/preprocessing/requirements_resolution/bridge.py
pipeline/requirements_resolution/build.py,pipeline/preprocessing/requirements_resolution/build.py
pipeline/requirements_resolution/input.py,pipeline/preprocessing/requirements_resolution/input.py
pipeline/requirements_resolution/policy.py,pipeline/preprocessing/requirements_resolution/policy.py
pipeline/requirements_resolution/runtime.py,pipeline/preprocessing/requirements_resolution/runtime.py
pipeline/requirements_resolution/semver_worker.cjs,pipeline/preprocessing/requirements_resolution/semver_worker.cjs
pipeline/requirements_resolution/spark_job.py,pipeline/preprocessing/requirements_resolution/spark_job.py
pipeline/requirements_resolution/test_bridge.py,pipeline/preprocessing/tests/requirements_resolution/test_bridge.py
pipeline/requirements_resolution/test_build.py,pipeline/preprocessing/tests/requirements_resolution/test_build.py
pipeline/requirements_resolution/test_input.py,pipeline/preprocessing/tests/requirements_resolution/test_input.py
pipeline/requirements_resolution/test_integration.py,pipeline/preprocessing/tests/requirements_resolution/test_integration.py
pipeline/requirements_resolution/test_support.py,pipeline/preprocessing/tests/fixtures/requirements_resolution.py
pipeline/requirements_resolution/test_transform.py,pipeline/preprocessing/tests/requirements_resolution/test_transform.py
pipeline/requirements_resolution/transform.py,pipeline/preprocessing/requirements_resolution/transform.py
pipeline/snapshot/README.md,pipeline/preprocessing/snapshot/README.md
pipeline/snapshot/__init__.py,pipeline/preprocessing/snapshot/__init__.py
pipeline/snapshot/build.py,pipeline/preprocessing/snapshot/build.py
pipeline/snapshot/input.py,pipeline/preprocessing/snapshot/input.py
pipeline/snapshot/load.py,pipeline/postgresql/snapshot/load.py
pipeline/snapshot/policy.py,pipeline/preprocessing/snapshot/policy.py
pipeline/snapshot/postgres.py,pipeline/postgresql/snapshot/postgres.py
pipeline/snapshot/projects.py,pipeline/preprocessing/snapshot/projects.py
pipeline/snapshot/test_build.py,pipeline/preprocessing/tests/snapshot/test_build.py
pipeline/snapshot/test_history.py,pipeline/preprocessing/tests/snapshot/test_history.py
pipeline/snapshot/test_input.py,pipeline/preprocessing/tests/snapshot/test_input.py
pipeline/snapshot/test_integration.py,pipeline/preprocessing/tests/snapshot/test_integration.py
pipeline/snapshot/test_load.py,pipeline/postgresql/snapshot/tests/test_load.py
pipeline/snapshot/test_policy.py,pipeline/preprocessing/tests/snapshot/test_policy.py
pipeline/snapshot/test_projects.py,pipeline/preprocessing/tests/snapshot/test_projects.py
pipeline/spark_experiment/Dockerfile,pipeline/preprocessing/experiments/spark/Dockerfile
pipeline/spark_experiment/README.md,pipeline/preprocessing/experiments/spark/README.md
pipeline/spark_experiment/__init__.py,pipeline/preprocessing/experiments/spark/__init__.py
pipeline/spark_experiment/__main__.py,pipeline/preprocessing/experiments/spark/__main__.py
pipeline/spark_experiment/benchmark.py,pipeline/preprocessing/experiments/spark/benchmark.py
pipeline/spark_experiment/cluster.py,pipeline/preprocessing/experiments/spark/cluster.py
pipeline/spark_experiment/compare.py,pipeline/preprocessing/experiments/spark/compare.py
pipeline/spark_experiment/dependents.py,pipeline/preprocessing/experiments/spark/dependents.py
pipeline/spark_experiment/downloads.py,pipeline/preprocessing/experiments/spark/downloads.py
pipeline/spark_experiment/freeze_raw.py,pipeline/preprocessing/experiments/spark/freeze_raw.py
pipeline/spark_experiment/frozen_raw_store.py,pipeline/preprocessing/experiments/spark/frozen_raw_store.py
pipeline/spark_experiment/job.py,pipeline/preprocessing/experiments/spark/job.py
pipeline/spark_experiment/overlay.py,pipeline/preprocessing/experiments/spark/overlay.py
pipeline/spark_experiment/package_snapshot.py,pipeline/preprocessing/experiments/spark/package_snapshot.py
pipeline/spark_experiment/package_version.py,pipeline/preprocessing/experiments/spark/package_version.py
pipeline/spark_experiment/prepare.py,pipeline/preprocessing/experiments/spark/prepare.py
pipeline/spark_experiment/repository.py,pipeline/preprocessing/experiments/spark/repository.py
pipeline/spark_experiment/repository_duckdb.py,pipeline/preprocessing/experiments/spark/repository_duckdb.py
pipeline/spark_experiment/runtime/benchmark_app_host.py,pipeline/preprocessing/experiments/spark/runtime/benchmark_app_host.py
pipeline/spark_experiment/runtime/benchmark_data_host.py,pipeline/preprocessing/experiments/spark/runtime/benchmark_data_host.py
pipeline/spark_experiment/runtime/benchmark_data_phase.py,pipeline/preprocessing/experiments/spark/runtime/benchmark_data_phase.py
pipeline/spark_experiment/runtime/bounded_compare.py,pipeline/preprocessing/experiments/spark/runtime/bounded_compare.py
pipeline/spark_experiment/runtime/build.local.ps1,pipeline/preprocessing/experiments/spark/runtime/build.local.ps1
pipeline/spark_experiment/runtime/cluster_benchmark_entry.py,pipeline/preprocessing/experiments/spark/runtime/cluster_benchmark_entry.py
pipeline/spark_experiment/runtime/cluster_smoke.py,pipeline/preprocessing/experiments/spark/runtime/cluster_smoke.py
pipeline/spark_experiment/runtime/compose.local.yaml,pipeline/preprocessing/experiments/spark/runtime/compose.local.yaml
pipeline/spark_experiment/runtime/ec2_guard.py,pipeline/preprocessing/experiments/spark/runtime/ec2_guard.py
pipeline/spark_experiment/runtime/ec2_launch.py,pipeline/preprocessing/experiments/spark/runtime/ec2_launch.py
pipeline/spark_experiment/runtime/ec2_smoke.py,pipeline/preprocessing/experiments/spark/runtime/ec2_smoke.py
pipeline/spark_experiment/runtime/full_stage_diagnostic10k.py,pipeline/preprocessing/experiments/spark/runtime/full_stage_diagnostic10k.py
pipeline/spark_experiment/runtime/images.lock.json,pipeline/preprocessing/experiments/spark/runtime/images.lock.json
pipeline/spark_experiment/runtime/inspect_runtime.py,pipeline/preprocessing/experiments/spark/runtime/inspect_runtime.py
pipeline/spark_experiment/runtime/monitor_container.py,pipeline/preprocessing/experiments/spark/runtime/monitor_container.py
pipeline/spark_experiment/runtime/real_stage_inputs.py,pipeline/preprocessing/experiments/spark/runtime/real_stage_inputs.py
pipeline/spark_experiment/runtime/reference_entry.py,pipeline/preprocessing/experiments/spark/runtime/reference_entry.py
pipeline/spark_experiment/runtime/reference_supervisor.py,pipeline/preprocessing/experiments/spark/runtime/reference_supervisor.py
pipeline/spark_experiment/runtime/repository22_app.py,pipeline/preprocessing/experiments/spark/runtime/repository22_app.py
pipeline/spark_experiment/runtime/repository22_data.py,pipeline/preprocessing/experiments/spark/runtime/repository22_data.py
pipeline/spark_experiment/runtime/repository22_entry.py,pipeline/preprocessing/experiments/spark/runtime/repository22_entry.py
pipeline/spark_experiment/runtime/repository22_guard.py,pipeline/preprocessing/experiments/spark/runtime/repository22_guard.py
pipeline/spark_experiment/runtime/repository_duckdb10k_entry.py,pipeline/preprocessing/experiments/spark/runtime/repository_duckdb10k_entry.py
pipeline/spark_experiment/runtime/repository_duckdb10k_host.py,pipeline/preprocessing/experiments/spark/runtime/repository_duckdb10k_host.py
pipeline/spark_experiment/runtime/repository_duckdb_entry.py,pipeline/preprocessing/experiments/spark/runtime/repository_duckdb_entry.py
pipeline/spark_experiment/runtime/repository_duckdb_host.py,pipeline/preprocessing/experiments/spark/runtime/repository_duckdb_host.py
pipeline/spark_experiment/runtime/repository_duckdb_prepare.py,pipeline/preprocessing/experiments/spark/runtime/repository_duckdb_prepare.py
pipeline/spark_experiment/runtime/repository_duckdb_profile.py,pipeline/preprocessing/experiments/spark/runtime/repository_duckdb_profile.py
pipeline/spark_experiment/runtime/repository_profile.py,pipeline/preprocessing/experiments/spark/runtime/repository_profile.py
pipeline/spark_experiment/runtime/repository_profile_entry.py,pipeline/preprocessing/experiments/spark/runtime/repository_profile_entry.py
pipeline/spark_experiment/runtime/repository_profile_host.py,pipeline/preprocessing/experiments/spark/runtime/repository_profile_host.py
pipeline/spark_experiment/runtime/repository_profile_summary.py,pipeline/preprocessing/experiments/spark/runtime/repository_profile_summary.py
pipeline/spark_experiment/runtime/repository_retry_entry.py,pipeline/preprocessing/experiments/spark/runtime/repository_retry_entry.py
pipeline/spark_experiment/runtime/sample_stage_inputs.py,pipeline/preprocessing/experiments/spark/runtime/sample_stage_inputs.py
pipeline/spark_experiment/runtime/test_benchmark_app_host.py,pipeline/preprocessing/tests/experiments/spark/test_benchmark_app_host.py
pipeline/spark_experiment/runtime/test_cluster_benchmark_entry.py,pipeline/preprocessing/tests/experiments/spark/test_cluster_benchmark_entry.py
pipeline/spark_experiment/runtime/weekly_priority.py,pipeline/preprocessing/experiments/spark/runtime/weekly_priority.py
pipeline/spark_experiment/submit.py,pipeline/preprocessing/experiments/spark/submit.py
pipeline/spark_experiment/telemetry.py,pipeline/preprocessing/experiments/spark/telemetry.py
pipeline/version_dependents/.gitattributes,pipeline/preprocessing/version_dependents/.gitattributes
pipeline/version_dependents/README.md,pipeline/preprocessing/version_dependents/README.md
pipeline/version_dependents/__init__.py,pipeline/preprocessing/version_dependents/__init__.py
pipeline/version_dependents/__main__.py,pipeline/preprocessing/version_dependents/__main__.py
pipeline/version_dependents/aggregate.py,pipeline/preprocessing/version_dependents/aggregate.py
pipeline/version_dependents/artifact.py,pipeline/preprocessing/version_dependents/artifact.py
pipeline/version_dependents/diagnostic.py,pipeline/preprocessing/version_dependents/diagnostic.py
pipeline/version_dependents/diagnostic_input.py,pipeline/preprocessing/version_dependents/diagnostic_input.py
pipeline/version_dependents/fixtures/historical_reference.json,pipeline/preprocessing/version_dependents/fixtures/historical_reference.json
pipeline/version_dependents/historical.py,pipeline/preprocessing/version_dependents/historical.py
pipeline/version_dependents/historical_artifact.py,pipeline/preprocessing/version_dependents/historical_artifact.py
pipeline/version_dependents/historical_cache.py,pipeline/preprocessing/version_dependents/historical_cache.py
pipeline/version_dependents/historical_daily_benchmark.py,pipeline/preprocessing/experiments/dependents/historical_daily_benchmark.py
pipeline/version_dependents/historical_db_benchmark.py,pipeline/postgresql/version_dependents/historical_db_benchmark.py
pipeline/version_dependents/historical_db_fast_publish.py,pipeline/postgresql/version_dependents/historical_db_fast_publish.py
pipeline/version_dependents/historical_db_keys.py,pipeline/postgresql/version_dependents/historical_db_keys.py
pipeline/version_dependents/historical_db_load.py,pipeline/postgresql/version_dependents/historical_db_load.py
pipeline/version_dependents/historical_db_partition_probe.py,pipeline/postgresql/version_dependents/historical_db_partition_probe.py
pipeline/version_dependents/historical_db_prepare.py,pipeline/postgresql/version_dependents/historical_db_prepare.py
pipeline/version_dependents/historical_db_probe.py,pipeline/postgresql/version_dependents/historical_db_probe.py
pipeline/version_dependents/historical_db_publish.py,pipeline/postgresql/version_dependents/historical_db_publish.py
pipeline/version_dependents/historical_db_query_probe.py,pipeline/postgresql/version_dependents/historical_db_query_probe.py
pipeline/version_dependents/historical_db_reload.py,pipeline/postgresql/version_dependents/historical_db_reload.py
pipeline/version_dependents/historical_db_scale_probe.py,pipeline/postgresql/version_dependents/historical_db_scale_probe.py
pipeline/version_dependents/historical_db_source.py,pipeline/postgresql/version_dependents/historical_db_source.py
pipeline/version_dependents/historical_gpu.py,pipeline/preprocessing/version_dependents/historical_gpu.py
pipeline/version_dependents/historical_gpu_benchmark.py,pipeline/preprocessing/experiments/dependents/historical_gpu_benchmark.py
pipeline/version_dependents/historical_gpu_cached.py,pipeline/preprocessing/experiments/dependents/historical_gpu_cached.py
pipeline/version_dependents/historical_gpu_normalize.cjs,pipeline/preprocessing/version_dependents/historical_gpu_normalize.cjs
pipeline/version_dependents/historical_gpu_owner.py,pipeline/preprocessing/experiments/dependents/historical_gpu_owner.py
pipeline/version_dependents/historical_gpu_parallel.py,pipeline/preprocessing/experiments/dependents/historical_gpu_parallel.py
pipeline/version_dependents/historical_gpu_parallel_benchmark.py,pipeline/preprocessing/experiments/dependents/historical_gpu_parallel_benchmark.py
pipeline/version_dependents/historical_gpu_parallel_worker.py,pipeline/preprocessing/experiments/dependents/historical_gpu_parallel_worker.py
pipeline/version_dependents/historical_gpu_pipeline_normalize.cjs,pipeline/preprocessing/experiments/dependents/historical_gpu_pipeline_normalize.cjs
pipeline/version_dependents/historical_gpu_pipeline_resolver.py,pipeline/preprocessing/experiments/dependents/historical_gpu_pipeline_resolver.py
pipeline/version_dependents/historical_gpu_suite_benchmark.py,pipeline/preprocessing/experiments/dependents/historical_gpu_suite_benchmark.py
pipeline/version_dependents/historical_gpu_suite_input.py,pipeline/preprocessing/experiments/dependents/historical_gpu_suite_input.py
pipeline/version_dependents/historical_input.py,pipeline/preprocessing/version_dependents/historical_input.py
pipeline/version_dependents/historical_job.py,pipeline/preprocessing/version_dependents/historical_job.py
pipeline/version_dependents/historical_parallel.py,pipeline/preprocessing/version_dependents/historical_parallel.py
pipeline/version_dependents/historical_parallel_benchmark.py,pipeline/preprocessing/experiments/dependents/historical_parallel_benchmark.py
pipeline/version_dependents/historical_parallel_input.py,pipeline/preprocessing/version_dependents/historical_parallel_input.py
pipeline/version_dependents/historical_parallel_optimization_benchmark.py,pipeline/preprocessing/experiments/dependents/historical_parallel_optimization_benchmark.py
pipeline/version_dependents/historical_parallel_pool.py,pipeline/preprocessing/version_dependents/historical_parallel_pool.py
pipeline/version_dependents/historical_parallel_verify.py,pipeline/preprocessing/version_dependents/historical_parallel_verify.py
pipeline/version_dependents/historical_parallel_worker.py,pipeline/preprocessing/version_dependents/historical_parallel_worker.py
pipeline/version_dependents/historical_parallel_writer.py,pipeline/preprocessing/version_dependents/historical_parallel_writer.py
pipeline/version_dependents/historical_production.py,pipeline/preprocessing/version_dependents/historical_production.py
pipeline/version_dependents/historical_production_backend_benchmark.py,pipeline/preprocessing/experiments/dependents/historical_production_backend_benchmark.py
pipeline/version_dependents/historical_production_benchmark.py,pipeline/preprocessing/experiments/dependents/historical_production_benchmark.py
pipeline/version_dependents/historical_production_cache.py,pipeline/preprocessing/version_dependents/historical_production_cache.py
pipeline/version_dependents/historical_production_daily.py,pipeline/preprocessing/version_dependents/historical_production_daily.py
pipeline/version_dependents/historical_production_events.py,pipeline/preprocessing/version_dependents/historical_production_events.py
pipeline/version_dependents/historical_production_input.py,pipeline/preprocessing/version_dependents/historical_production_input.py
pipeline/version_dependents/historical_production_quality.py,pipeline/preprocessing/version_dependents/historical_production_quality.py
pipeline/version_dependents/historical_production_resolver.py,pipeline/preprocessing/version_dependents/historical_production_resolver.py
pipeline/version_dependents/historical_production_sql.py,pipeline/preprocessing/version_dependents/historical_production_sql.py
pipeline/version_dependents/historical_production_verify.py,pipeline/preprocessing/version_dependents/historical_production_verify.py
pipeline/version_dependents/historical_production_writer.py,pipeline/preprocessing/version_dependents/historical_production_writer.py
pipeline/version_dependents/historical_profile.py,pipeline/preprocessing/version_dependents/historical_profile.py
pipeline/version_dependents/historical_profile_queries.py,pipeline/preprocessing/version_dependents/historical_profile_queries.py
pipeline/version_dependents/historical_reference.py,pipeline/preprocessing/version_dependents/historical_reference.py
pipeline/version_dependents/historical_semver_worker.cjs,pipeline/preprocessing/version_dependents/historical_semver_worker.cjs
pipeline/version_dependents/historical_throughput_benchmark.py,pipeline/preprocessing/experiments/dependents/historical_throughput_benchmark.py
pipeline/version_dependents/historical_weighted_benchmark.py,pipeline/preprocessing/experiments/dependents/historical_weighted_benchmark.py
pipeline/version_dependents/test_aggregate.py,pipeline/preprocessing/tests/version_dependents/test_aggregate.py
pipeline/version_dependents/test_artifact.py,pipeline/preprocessing/tests/version_dependents/test_artifact.py
pipeline/version_dependents/test_diagnostic.py,pipeline/preprocessing/tests/version_dependents/test_diagnostic.py
pipeline/version_dependents/test_historical.py,pipeline/preprocessing/tests/version_dependents/test_historical.py
pipeline/version_dependents/test_historical_artifact.py,pipeline/preprocessing/tests/version_dependents/test_historical_artifact.py
pipeline/version_dependents/test_historical_cache.py,pipeline/preprocessing/tests/version_dependents/test_historical_cache.py
pipeline/version_dependents/test_historical_db_benchmark.py,pipeline/postgresql/version_dependents/tests/test_historical_db_benchmark.py
pipeline/version_dependents/test_historical_db_fast_publish.py,pipeline/postgresql/version_dependents/tests/test_historical_db_fast_publish.py
pipeline/version_dependents/test_historical_db_keys.py,pipeline/postgresql/version_dependents/tests/test_historical_db_keys.py
pipeline/version_dependents/test_historical_db_load.py,pipeline/postgresql/version_dependents/tests/test_historical_db_load.py
pipeline/version_dependents/test_historical_db_partition_probe.py,pipeline/postgresql/version_dependents/tests/test_historical_db_partition_probe.py
pipeline/version_dependents/test_historical_db_prepare.py,pipeline/postgresql/version_dependents/tests/test_historical_db_prepare.py
pipeline/version_dependents/test_historical_db_probe.py,pipeline/postgresql/version_dependents/tests/test_historical_db_probe.py
pipeline/version_dependents/test_historical_db_publish.py,pipeline/postgresql/version_dependents/tests/test_historical_db_publish.py
pipeline/version_dependents/test_historical_db_reload.py,pipeline/postgresql/version_dependents/tests/test_historical_db_reload.py
pipeline/version_dependents/test_historical_db_scale_probe.py,pipeline/postgresql/version_dependents/tests/test_historical_db_scale_probe.py
pipeline/version_dependents/test_historical_db_source.py,pipeline/postgresql/version_dependents/tests/test_historical_db_source.py
pipeline/version_dependents/test_historical_gpu.py,pipeline/preprocessing/tests/version_dependents/test_historical_gpu.py
pipeline/version_dependents/test_historical_gpu_cached.py,pipeline/preprocessing/tests/experiments/dependents/test_historical_gpu_cached.py
pipeline/version_dependents/test_historical_gpu_owner.py,pipeline/preprocessing/tests/experiments/dependents/test_historical_gpu_owner.py
pipeline/version_dependents/test_historical_gpu_parallel.py,pipeline/preprocessing/tests/experiments/dependents/test_historical_gpu_parallel.py
pipeline/version_dependents/test_historical_gpu_parallel_benchmark.py,pipeline/preprocessing/tests/experiments/dependents/test_historical_gpu_parallel_benchmark.py
pipeline/version_dependents/test_historical_gpu_pipeline_resolver.py,pipeline/preprocessing/tests/experiments/dependents/test_historical_gpu_pipeline_resolver.py
pipeline/version_dependents/test_historical_gpu_suite_benchmark.py,pipeline/preprocessing/tests/experiments/dependents/test_historical_gpu_suite_benchmark.py
pipeline/version_dependents/test_historical_gpu_suite_input.py,pipeline/preprocessing/tests/experiments/dependents/test_historical_gpu_suite_input.py
pipeline/version_dependents/test_historical_input.py,pipeline/preprocessing/tests/version_dependents/test_historical_input.py
pipeline/version_dependents/test_historical_job.py,pipeline/preprocessing/tests/version_dependents/test_historical_job.py
pipeline/version_dependents/test_historical_kernel.py,pipeline/preprocessing/tests/version_dependents/test_historical_kernel.py
pipeline/version_dependents/test_historical_parallel.py,pipeline/preprocessing/tests/version_dependents/test_historical_parallel.py
pipeline/version_dependents/test_historical_parallel_input.py,pipeline/preprocessing/tests/version_dependents/test_historical_parallel_input.py
pipeline/version_dependents/test_historical_parallel_pool.py,pipeline/preprocessing/tests/version_dependents/test_historical_parallel_pool.py
pipeline/version_dependents/test_historical_parallel_writer.py,pipeline/preprocessing/tests/version_dependents/test_historical_parallel_writer.py
pipeline/version_dependents/test_historical_production.py,pipeline/preprocessing/tests/version_dependents/test_historical_production.py
pipeline/version_dependents/test_historical_production_backends.py,pipeline/preprocessing/tests/version_dependents/test_historical_production_backends.py
pipeline/version_dependents/test_historical_production_cache.py,pipeline/preprocessing/tests/version_dependents/test_historical_production_cache.py
pipeline/version_dependents/test_historical_production_events.py,pipeline/preprocessing/tests/version_dependents/test_historical_production_events.py
pipeline/version_dependents/test_historical_production_quality.py,pipeline/preprocessing/tests/version_dependents/test_historical_production_quality.py
pipeline/version_dependents/test_historical_production_resolver.py,pipeline/preprocessing/tests/version_dependents/test_historical_production_resolver.py
pipeline/version_dependents/test_historical_production_sql.py,pipeline/preprocessing/tests/version_dependents/test_historical_production_sql.py
pipeline/version_dependents/test_historical_production_verify.py,pipeline/preprocessing/tests/version_dependents/test_historical_production_verify.py
pipeline/version_dependents/test_historical_production_weighted.py,pipeline/preprocessing/tests/version_dependents/test_historical_production_weighted.py
pipeline/version_dependents/test_historical_production_writer.py,pipeline/preprocessing/tests/version_dependents/test_historical_production_writer.py
pipeline/version_dependents/test_historical_profile.py,pipeline/preprocessing/tests/version_dependents/test_historical_profile.py
pipeline/version_dependents/test_historical_profile_queries.py,pipeline/preprocessing/tests/version_dependents/test_historical_profile_queries.py
pipeline/version_dependents/test_historical_publication.py,pipeline/preprocessing/tests/version_dependents/test_historical_publication.py
pipeline/version_dependents/test_historical_reference.py,pipeline/preprocessing/tests/version_dependents/test_historical_reference.py
pipeline/version_dependents/test_historical_reference_contract.py,pipeline/preprocessing/tests/version_dependents/test_historical_reference_contract.py
pipeline/version_dependents/test_historical_resume.py,pipeline/preprocessing/tests/version_dependents/test_historical_resume.py
pipeline/version_dependents/test_historical_semver_worker.py,pipeline/preprocessing/tests/version_dependents/test_historical_semver_worker.py
pipeline/weekly_metadata.py,pipeline/preprocessing/curated/weekly_metadata.py
tests/orchestration_fixture.py,pipeline/preprocessing/tests/fixtures/orchestration_fixture.py
tests/test_atomic_migration_json.py,tests/service_data_migration/test_atomic_migration_json.py
tests/test_build_benchmark_sample.py,tests/service_data_migration/test_build_benchmark_sample.py
tests/test_downloads_interval_history.py,pipeline/preprocessing/tests/downloads_interval/test_downloads_interval_history.py
tests/test_finish_resumed_restore.py,tests/service_data_migration/test_finish_resumed_restore.py
tests/test_local_dump_client.py,tests/service_data_migration/test_local_dump_client.py
tests/test_orchestration_changes.py,pipeline/preprocessing/tests/orchestration/test_orchestration_changes.py
tests/test_orchestration_dependents.py,pipeline/preprocessing/tests/orchestration/test_orchestration_dependents.py
tests/test_orchestration_intake.py,pipeline/preprocessing/tests/orchestration/test_orchestration_intake.py
tests/test_orchestration_integration.py,pipeline/preprocessing/tests/orchestration/test_orchestration_integration.py
tests/test_orchestration_parent.py,pipeline/preprocessing/tests/orchestration/test_orchestration_parent.py
tests/test_orchestration_runner.py,pipeline/preprocessing/tests/orchestration/test_orchestration_runner.py
tests/test_orchestration_stages.py,pipeline/preprocessing/tests/orchestration/test_orchestration_stages.py
tests/test_prepare_full_dump.py,tests/service_data_migration/test_prepare_full_dump.py
tests/test_repository22_app.py,pipeline/preprocessing/tests/experiments/spark/test_repository22_app.py
tests/test_repository22_data.py,pipeline/preprocessing/tests/experiments/spark/test_repository22_data.py
tests/test_repository22_entry.py,pipeline/preprocessing/tests/experiments/spark/test_repository22_entry.py
tests/test_repository_duckdb.py,pipeline/preprocessing/tests/experiments/spark/test_repository_duckdb.py
tests/test_repository_duckdb10k_entry.py,pipeline/preprocessing/tests/experiments/spark/test_repository_duckdb10k_entry.py
tests/test_repository_duckdb10k_host.py,pipeline/preprocessing/tests/experiments/spark/test_repository_duckdb10k_host.py
tests/test_repository_duckdb_entry.py,pipeline/preprocessing/tests/experiments/spark/test_repository_duckdb_entry.py
tests/test_repository_duckdb_host.py,pipeline/preprocessing/tests/experiments/spark/test_repository_duckdb_host.py
tests/test_repository_duckdb_profile.py,pipeline/preprocessing/tests/experiments/spark/test_repository_duckdb_profile.py
tests/test_repository_metrics_weekly_input.py,pipeline/preprocessing/tests/repository_metrics/test_repository_metrics_weekly_input.py
tests/test_repository_profile.py,pipeline/preprocessing/tests/experiments/spark/test_repository_profile.py
tests/test_repository_profile_summary.py,pipeline/preprocessing/tests/experiments/spark/test_repository_profile_summary.py
tests/test_resume_postdata.py,tests/service_data_migration/test_resume_postdata.py
tests/test_server_pilot.py,tests/service_data_migration/test_server_pilot.py
tests/test_service_data_migration.py,tests/service_data_migration/test_service_data_migration.py
tests/test_spark_baseline_hostname.py,pipeline/preprocessing/tests/experiments/spark/test_spark_baseline_hostname.py
tests/test_spark_bounded_compare.py,pipeline/preprocessing/tests/experiments/spark/test_spark_bounded_compare.py
tests/test_spark_cluster.py,pipeline/preprocessing/tests/experiments/spark/test_spark_cluster.py
tests/test_spark_cluster_benchmark_lifecycle.py,pipeline/preprocessing/tests/experiments/spark/test_spark_cluster_benchmark_lifecycle.py
tests/test_spark_container_monitor.py,pipeline/preprocessing/tests/experiments/spark/test_spark_container_monitor.py
tests/test_spark_dependents.py,pipeline/preprocessing/tests/experiments/spark/test_spark_dependents.py
tests/test_spark_ec2_guard.py,pipeline/preprocessing/tests/experiments/spark/test_spark_ec2_guard.py
tests/test_spark_experiment.py,pipeline/preprocessing/tests/experiments/spark/test_spark_experiment.py
tests/test_spark_job_telemetry.py,pipeline/preprocessing/tests/experiments/spark/test_spark_job_telemetry.py
tests/test_spark_local_runtime.py,pipeline/preprocessing/tests/experiments/spark/test_spark_local_runtime.py
tests/test_spark_metrics.py,pipeline/preprocessing/tests/experiments/spark/test_spark_metrics.py
tests/test_spark_package_version.py,pipeline/preprocessing/tests/experiments/spark/test_spark_package_version.py
tests/test_spark_raw_freeze.py,pipeline/preprocessing/tests/experiments/spark/test_spark_raw_freeze.py
tests/test_spark_real_stage_inputs.py,pipeline/preprocessing/tests/experiments/spark/test_spark_real_stage_inputs.py
tests/test_spark_reference_supervisor.py,pipeline/preprocessing/tests/experiments/spark/test_spark_reference_supervisor.py
tests/test_spark_repository_retry_entry.py,pipeline/preprocessing/tests/experiments/spark/test_spark_repository_retry_entry.py
tests/test_spark_sample_stage_inputs.py,pipeline/preprocessing/tests/experiments/spark/test_spark_sample_stage_inputs.py
tests/test_spark_shared_sample_paths.py,pipeline/preprocessing/tests/experiments/spark/test_spark_shared_sample_paths.py
tests/test_spark_telemetry.py,pipeline/preprocessing/tests/experiments/spark/test_spark_telemetry.py
tests/test_weekly_build.py,pipeline/preprocessing/tests/orchestration/test_weekly_build.py
tests/test_weekly_cli.py,pipeline/preprocessing/tests/orchestration/test_weekly_cli.py
tests/test_weekly_integration.py,pipeline/preprocessing/tests/orchestration/test_weekly_integration.py
tests/test_weekly_metadata.py,pipeline/preprocessing/tests/orchestration/test_weekly_metadata.py
tests/test_weekly_parent.py,pipeline/preprocessing/tests/orchestration/test_weekly_parent.py
tests/test_weekly_priority.py,pipeline/preprocessing/tests/experiments/spark/test_weekly_priority.py
tests/test_weekly_request.py,pipeline/preprocessing/tests/orchestration/test_weekly_request.py
tests/weekly_fixture.py,pipeline/preprocessing/tests/fixtures/weekly_fixture.py
