base,downloads_last_month,description,top3_R0,verdict_R0,top3_R1,verdict_R1,changed_vs_first
ws,1060584271,"Simple to use, blazing fast and thoroughly tested websocket client and server for Node.js",eiows | websocket13 | pusher,,pusher | partysocket | rpc-websockets,,True
js-yaml,1198556563,YAML 1.2 parser and serializer,@zkochan/js-yaml | read-yaml-file | yaml,,@zkochan/js-yaml | yaml | yaml-eslint-parser,,True
yaml,782824751,JavaScript parser and stringifier for YAML,js-yaml | @zkochan/js-yaml | read-yaml-file,,js-yaml | @zkochan/js-yaml | read-yaml-file,,False
axios,490043820,Promise based HTTP client for the browser and node.js,undici | @algolia/requester-node-http | @algolia/requester-browser-xhr,,undici | @algolia/requester-node-http | @algolia/requester-browser-xhr,,False
express,529873075,"Fast, unopinionated, minimalist web framework",restana | fastify | @tinyhttp/app,,fastify | @tinyhttp/app | @hapi/hapi,,True
cheerio,108393304,"The fast, flexible & elegant library for parsing and manipulating HTML and XML.",htmlparser2 | node-html-parser | sax-wasm,,htmlparser2 | node-html-parser | sax-wasm,,False
jsdom,384812901,A JavaScript implementation of many web standards,@oozcitak/dom | @types/web | min-document,,@oozcitak/dom | @types/web | min-document,,False
react,659377046,React is a JavaScript library for building user interfaces.,carbon-react | inferno | @mantine/core,,inferno | @modern-js/utils | @modern-js/node-bundle-require,,True
lodash,664992818,Lodash modular utilities.,flex-tools | @stdlib/utils | @contrail/types,,min-dash | remeda | rollup,,True
moment,139807191,"Parse, validate, manipulate, and display dates",,,,,False
semver,3148716981,The semantic version parser used by npm.,libnpmversion | @semantic-release/npm | nopt,,@semantic-release/npm | @rushstack/ts-command-line | @lezer/lr,,True
minimatch,2866982308,a glob matcher in javascript,zeptomatch | picomatch | globby,,zeptomatch | globby | cspell-glob,,True
ansi-styles,2738969159,ANSI escape codes for styling strings in the terminal,chalk | strip-ansi | ansi-regex,,ansi-color | @colors/colors | ansis,,True
brace-expansion,2480157570,Brace expansion as known from sh/bash,@babel/helper-skip-transparent-expression-wrappers | shescape | tree-sitter-bash,,@babel/helper-skip-transparent-expression-wrappers | tree-sitter-bash | dotenv-expand,,True
lru-cache,2222394562,A cache object that deletes the least-recently-used items.,@alloc/quick-lru | quick-lru | @isaacs/ttlcache,,@alloc/quick-lru | @isaacs/ttlcache | tiny-lru,,True
strip-ansi,2090580164,Strip ANSI escape codes from a string,slice-ansi | ansi-styles | ansi-regex,,ansi-color | ansis | @colors/colors,,True
commander,1999545152,the complete solution for node.js command-line programs,node-cmd | @adonisjs/ace | argue-cli,,@adonisjs/ace | argue-cli | command-line-args,,True
ansi-regex,1961432993,Regular expression for matching ANSI escape codes,ansi-styles | strip-ansi | slice-ansi,,ansi-color | ansis | @alcalzone/ansi-tokenize,,True
chalk,1939182264,Terminal string styling done right,ansi-styles | yoctocolors | supports-color,,yoctocolors | @colors/colors | colors-option,,True
supports-color,1922365753,Detect whether a terminal supports color,@colors/colors | chalk | yoctocolors,,@colors/colors | yoctocolors | terminal-kit,,True
picomatch,1906757001,"Blazing fast and accurate glob matcher written in JavaScript, with no dependencies and full support for standard and ext",minimatch | zeptomatch | globby,,zeptomatch | globby | cspell-glob,,True
string-width,1843197885,Get the visual width of a string - the number of columns required to display it,widest-line | @types/string-pixel-width | cli-truncate,,ellipsize | sql-formatter | @antv/g2,,True
emoji-regex,1704714340,A regular expression to match all Emoji-only symbols as per the Unicode Standard.,emojibase-regex | emoji-aware | @twemoji/api,,emojibase-regex | unicode-emoji-json | emojilib,,True
@types/node,1652687857,TypeScript definitions for node,vscode-languageserver-types | @salesforce/ts-types | @schemastore/package,,vscode-languageserver-types | @salesforce/ts-types | @schemastore/package,,False
wrap-ansi,1599583403,Wordwrap a string with ANSI escape codes,slice-ansi | strip-ansi | ansi-styles,,string-kit | ansi-color | @stdlib/utils-escape-regexp-string,,True
glob,1594960951,the most correct and second fastest glob implementation in JavaScript,minimatch | globby | picomatch,,globby | zeptomatch | fflate,,True
type-fest,1523323229,A collection of essential TypeScript types,ts-extras | ts-essentials | @salesforce/ts-types,,ts-essentials | @salesforce/ts-types | thingies,,True
eslint-visitor-keys,1512654953,Constants and utilities about visitor keys to traverse AST.,@typescript-eslint/visitor-keys | @eslint-community/eslint-utils | @eslint-react/shared,,@typescript-eslint/visitor-keys | @eslint-community/eslint-utils | @eslint-react/shared,,False
balanced-match,1489427192,"Match balanced character pairs, like ""{"" and ""}""",@stdlib/regexp-eol | magic-regexp | string-match-left-right,,@stdlib/regexp-eol | magic-regexp | fuzzball,,True
ajv,1456639373,Another JSON Schema Validator,@redocly/ajv | json-schema-library | @hyperjump/json-schema,,@redocly/ajv | json-schema-library | @hyperjump/json-schema,,False
source-map,1385142552,Generates and consumes source maps,@volar/source-map | metro-source-map | @jridgewell/sourcemap-codec,,@volar/source-map | @jridgewell/sourcemap-codec | magic-string,,True
color-name,1347010008,A list of color names and its values,colors-named | colorjs.io | @uiw/color-convert,,colorjs.io | @uiw/color-convert | chroma-js,,True
react-is,1334604225,Brand checking of React Elements.,rc-test | @testing-library/react | zent,,@testing-library/react | @fluentui/react-component-ref | @fluentui/react-aria,,True
p-limit,1323670344,Run multiple promise-returning & async functions with limited concurrency,plimit-lit | p-queue | p-throttle,,plimit-lit | p-queue | p-throttle,,False
color-convert,1321993102,Plain color conversion functions,@uiw/color-convert | colortranslator | @csstools/convert-colors,,@uiw/color-convert | colortranslator | @csstools/convert-colors,,False
p-locate,1264762136,Get the first fulfilled promise that satisfies the provided testing function,p-settle | promise-share | p-forever,,p-settle | @algolia/requester-fetch | @open-draft/deferred-promise,,True
which,1259225871,Like which(1) unix command. Find the first instance of an executable in the PATH.,isexe | is-unix | common-ancestor-path,,shell-exec | upath2 | path-equal,,True
undici-types,1169096658,A stand-alone types package for Undici,@polkadot/types-known | @metaplex-foundation/umi-web3js-adapters | @definitelytyped/header-parser,,@polkadot/types-known | @alwaysmeticulous/sdk-bundles-api | @types/k6,,True
iconv-lite,1154970390,Convert character encodings in pure javascript.,chardet | encoding-japanese | @sindresorhus/transliterate,,encoding-japanese | @sindresorhus/transliterate | @stablelib/utf8,,True
ignore,1148773088,"Ignore is a manager and filter for .gitignore rules, the one used by eslint, gitbook and many others.",textlint-filter-rule-comments | @types/ignore-styles | npmignore,,it-filter | lint-staged | git-diff,,True
postcss,1125710737,Tool for transforming styles with JS plugins,@fluentui/styles | style-to-object | goober,,style-to-object | goober | lightningcss,,True
uuid,1109161952,RFC9562 UUIDs,short-uuid | @bugsnag/cuid | uuidv7,,short-uuid | @bugsnag/cuid | uuidv7,,False
isexe,1099430845,Minimal module to check if a file is executable.,is-executable | module-definition | valid-filename,,module-definition | valid-filename | isbinaryfile,,True
esbuild,1085389356,An extremely fast JavaScript and CSS bundler and minifier.,@minify-html/node | minify | lightningcss,,lightningcss | @node-minify/core | stylelint,,True
zod,1080275725,TypeScript-first schema declaration and validation library with static type inference,schemastery | joi | decoders,,joi | ajv | @redocly/ajv,,True
entities,1062882922,Encode & decode XML and HTML entities with ease & speed,@wordpress/html-entities | posthtml | htmlparser2,,@wordpress/html-entities | posthtml | htmlencode,,True
agent-base,1051628106,Turn a function into an `http.Agent` instance,https-proxy-agent | http-proxy-agent | proxy-agent,,proxy-agent | global-agent | @stoplight/prism-http,,True
typescript,1046800600,TypeScript is a language for application scale JavaScript development,@calcit/procs | @silverhand/essentials | rescript,,jsii-srcmak | @types/jws | @types/systemjs,,True
globals,1042812034,Global identifiers from different JavaScript environments,@types/globalize | @wdio/globals | windows-locale,,@wdio/globals | @babel/eslint-parser | @stdlib/utils-global,,True
yargs,1017324474,"yargs the modern, pirate-themed, successor to optimist.",command-line-args | argparse | jackspeak,,command-line-args | cmd-ts | type-flag,,True
acorn,1015545261,ECMAScript parser,mlly | meriyah | @eslint-community/regexpp,,meriyah | @eslint-community/regexpp | @babel/parser,,True
argparse,1010100455,CLI arguments parser. Native port of python's argparse.,argue-cli | type-flag | jackspeak,,argue-cli | type-flag | command-line-args,,True
js-tokens,995291852,Tiny JavaScript tokenizer.,@tokey/core | tokenizr | @stdlib/nlp-tokenize,,@stdlib/string-base-format-tokenize | moo | @csstools/css-tokenizer,,True
mime-types,963127317,The ultimate javascript content-type utility.,mime-type | media-type | whatwg-mimetype,,@salesforce/kit | @contentful/rich-text-types | postal-mime,,True
minipass,962253528,minimal implementation of a PassThrough stream,@stdlib/streams-node-transform | pipestream | @cosmjs/stream,,@cosmjs/stream | wonka | browser-readablestream-to-it,,True
@babel/code-frame,962151406,Generate errors that contain a code frame that point to source locations.,@directus/errors | strong-error-handler | @parcel/diagnostic,,@parcel/diagnostic | codemaker | errorstacks,,True
@esbuild/linux-x64,950840441,"The Linux 64-bit binary for esbuild, a JavaScript bundler.",esbuild-wasm | @umijs/bundler-esbuild | turbo-linux-64,,esbuild-wasm | turbo-linux-64 | @nx/esbuild,,True
@babel/parser,938977628,A JavaScript parser,meriyah | hermes-parser | acorn,,meriyah | hermes-parser | acorn,,False
https-proxy-agent,928775038,An HTTP(s) proxy `http.Agent` implementation for HTTPS,http-proxy-agent | proxy-agent | socks-proxy-agent,,proxy-agent | global-agent | proxy,,True
@babel/helper-validator-identifier,923463026,Validate identifier/keywords name,@directus/validation | urn-lib | @sap/di.code-validation.core,,@badrap/valita | @types/validator | @mapbox/jsonlint-lines-primitives,,True
@types/estree,900230012,TypeScript definitions for estree,@typescript-eslint/types | @typescript-eslint/visitor-keys | @typescript-eslint/typescript-estree,,@typescript-eslint/types | @typescript-eslint/visitor-keys | @typescript-eslint/typescript-estree,,False
nanoid,899892037,"A tiny (116 bytes), secure URL-friendly unique string ID generator",generate-unique-id | kuuid | pure-uuid,,crypto-random-string | hyperid | ids,,True
@babel/types,881578250,Babel Types is a Lodash-esque utility library for AST nodes,ast-kit | ast-walker-scope | estree-to-babel,,ast-walker-scope | estree-to-babel | @typescript-eslint/types,,True
webidl-conversions,878519149,Implements the WebIDL algorithms for converting to and from JavaScript values,@types/webidl2 | webidl2js | quicktype-graphql-input,,quicktype-graphql-input | jws | @types/webxr,,True
whatwg-url,871058703,An implementation of the WHATWG URL Standard's URL API and parsing machinery,data-urls | isurl | @adobe/fetch,,isurl | ufo | react-native-url-polyfill,,True
resolve,870156270,resolve like require.resolve() on behalf of files asynchronously and synchronously,enhanced-resolve | @chialab/node-resolve | optional-require,,optional-require | did-resolver | @stdlib/fs-resolve-parent-path,,True
pretty-format,866081183,Stringify any JavaScript value.,stringify-object | json-stream-stringify | json-prune,,json-stream-stringify | seroval | devalue,,True
path-to-regexp,864614429,Express style path to RegExp utility,magic-regexp | regjsparser | express-list-routes,,magic-regexp | re2 | regex,,True
fs-extra,835983958,"fs-extra contains methods that aren't included in the vanilla Node.js fs package. Such as recursive mkdir, copy, and rem",jsonfile | readdirp | rename-overwrite,,node-readfiles | i18next-fs-backend | cpy,,True
readdirp,824602645,Recursive version of fs.readdir with small RAM & CPU footprint,readdir-glob | rrdir | walk-filtered,,node-readfiles | klaw-sync | walk-sync,,True
hasown,820682354,"A robust, ES3 compatible, ""has own property"" predicate.",@stdlib/assert-has-property | @stdlib/assert-has-own-property | @stdlib/assert-is-enumerable-property,,@stdlib/assert-has-own-property | @types/hast | defu,,True
@babel/generator,816245307,Turns an AST into code.,@ast-grep/cli-linux-x64-gnu | @ast-grep/cli | @ast-grep/cli-darwin-arm64,,@ast-grep/cli-linux-x64-gnu | @ast-grep/cli | @ast-grep/napi,,True
chokidar,813173773,Minimal and efficient cross-platform file watching library,nsfw | watchpack | turbowatch,,cpx2 | file-type | @stdlib/fs-read-file,,True
@babel/helper-string-parser,800392847,A utility package to parse strings,@tramvai/safe-strings | @graphql-mesh/string-interpolation | @lezer/lr,,@graphql-mesh/string-interpolation | @lezer/lr | mailparser,,True
@jridgewell/sourcemap-codec,795612889,Encode/decode sourcemap mappings,@volar/source-map | source-map | magic-string,,@volar/source-map | source-map | magic-string,,False
cookie,792626658,HTTP server cookie parsing and serialization,tough-cookie | @types/cookie-parser | @adobe/reactor-cookie,,tough-cookie | @types/cookie-parser | set-cookie-parser,,True
caniuse-lite,792498561,"A smaller version of caniuse-db, with only the essentials!",caniuse-db | caniuse-api | doiuse,,caniuse-db | doiuse | @payloadcms/db-mongodb,,True
negotiator,789930960,HTTP content negotiation,@metaplex-foundation/umi-http-fetch | content-type | http-encoding,,http-encoding | @hapi/content | @stoplight/prism-http,,True
eslint-scope,780963211,ECMAScript scope analyzer for ESLint,@typescript-eslint/scope-manager | @typescript-eslint/rule-tester | @eslint/create-config,,@typescript-eslint/scope-manager | @typescript-eslint/rule-tester | @eslint-react/core,,True
browserslist,777891859,"Share target browsers between different front-end tools, like Autoprefixer, Stylelint and babel-env-preset",update-browserslist-db | caniuse-db | caniuse-api,,doiuse | @puppeteer/browsers | @fullstory/browser,,True
yocto-queue,775157657,Tiny queue data structure,flatqueue | fastpriorityqueue | queue-cb,,fastpriorityqueue | heap-js | p-queue,,True
electron-to-chromium,770540468,Provides a list of electron-to-chromium version mappings,electron-chromedriver | appium-chromium-driver | crx3,,appium-chromium-driver | playwright-chromium | appium-chromedriver,,True
detect-libc,766140165,Node.js module to detect the C standard library (libc) implementation family and version,@typespec/compiler | @stdlib/function | @grpc/grpc-js,,@typespec/compiler | @grpc/grpc-js | @stdlib/types,,True
@babel/template,757413230,Generate an AST from a string template.,talt | ast-kit | magic-string-ast,,ast-kit | magic-string-ast | @humanwhocodes/momoa,,True
magic-string,748095008,"Modify strings, generate sourcemaps",source-map | @chialab/estransform | @volar/source-map,,source-map | @volar/source-map | @jridgewell/sourcemap-codec,,True
get-intrinsic,739811756,Get and robustly cache all JS language-level intrinsics at first require time,webpack | es-abstract | meriyah,,webpack | meriyah | @formatjs/ecma402-abstract,,True
@babel/runtime,736847546,babel's modular runtime helpers,sucrase | @swc/core-linux-arm64-musl | @swc/core-linux-x64-musl,,sucrase | @swc/core-linux-arm64-musl | @swc/core-linux-x64-musl,,False
@babel/traverse,734789708,"The Babel Traverse module maintains the overall tree state, and is responsible for replacing, removing, and adding nodes",@npmcli/arborist | object-scan | ast-walker-scope,,@npmcli/arborist | ast-walker-scope | unist-util-visit-parents,,True
content-type,730836923,Create and parse HTTP Content-Type header,@hapi/content | content-disposition | http-link-header,,@hapi/content | http-link-header | @hapi/subtext,,True
@babel/core,721920128,Babel compiler core.,@swc/core-darwin-arm64 | @swc/core | @swc/core-darwin-x64,,@swc/core-darwin-arm64 | @swc/core | @swc/core-darwin-x64,,False
onetime,721089037,Ensure a function is only called once,call-once-fn | @babel/helper-wrap-function | boolbase,,@babel/helper-wrap-function | @stdlib/assert-is-function | @google-cloud/promisify,,True
path-scurry,713494221,walk paths fast and efficiently,walk-back | klaw-sync | walk-filtered,,walk-back | klaw-sync | @turf/shortest-path,,True
jiti,708831256,Runtime typescript and ESM support for Node.js,tsx | deno | atem-state,,tsx | deno | node,,True
qs,708810869,"A querystring parser that supports nesting and arrays, with a depth limit",query-string | serialize-query-params | @apimatic/http-query,,query-string | serialize-query-params | form-urlencoded,,True
dotenv,701547933,Loads environment variables from .env file,envalid | shell-env | @adonisjs/env,,@adonisjs/env | react-native-config | env-schema,,True
@babel/compat-data,699112358,The compat-data to determine required Babel plugins,@knapsack/babel-config,,@knapsack/babel-config,,False
@typescript-eslint/types,696778157,Types for the TypeScript-ESTree AST spec,@types/estree | estree-to-babel | @eslint-react/ast,,@types/estree | estree-to-babel | @eslint-react/ast,,False
@typescript-eslint/visitor-keys,695620449,Visitor keys used to help traverse the TypeScript-ESTree AST,@types/estree | eslint-visitor-keys | estree-toolkit,,@types/estree | eslint-visitor-keys | estree-toolkit,,False
@babel/helper-module-imports,693889113,Babel helper functions for inserting module loads,@putout/babel | ember-cli-babel,,@putout/babel | ember-cli-babel,,False
node-releases,689093567,Node.js releases data,@sap/service-provider-apis | @cloudbase/database | @alcalzone/release-script,,@sap-ux/store | @remix-run/node | node-downloader-helper,,True
espree,684091529,An Esprima-compatible JavaScript parser built on Acorn,meriyah | @typescript-eslint/parser | ast-types,,meriyah | @typescript-eslint/parser | @typescript-eslint/typescript-estree,,True
@babel/helper-module-transforms,682212311,Babel helper functions for implementing ES6 module transformations,babel-jest,,babel-jest,,False
form-data,679599364,"A library to create readable ""multipart/form-data"" streams. Can be used to submit forms and file uploads to other web ap",multiparty | @fastify/busboy | multer,,multiparty | @fastify/busboy | multer,,False
vite,678441288,Native-ESM powered web dev build tool,@web/dev-server-esbuild | @web/dev-server-core | @rushstack/heft,,@web/dev-server-core | @web/dev-server | @esbuild/android-arm,,True
update-browserslist-db,674026983,CLI tool to update caniuse-lite to refresh target browsers from Browserslist config,caniuse-api | browserslist | caniuse-db,,caniuse-db | doiuse | @puppeteer/browsers,,True
@typescript-eslint/scope-manager,672313820,TypeScript scope analyser for ESLint,eslint-scope | estree-toolkit | @types/eslint-scope,,eslint-scope | estree-toolkit | @types/eslint-scope,,False
@babel/helpers,671618872,Collection of helper functions used by Babel transforms.,babel-jest | @parcel/transformer-babel,,babel-jest | @parcel/transformer-babel,,False
@typescript-eslint/typescript-estree,666503787,A parser that converts TypeScript source code into an ESTree compatible form,angular-estree-parser | flow-parser | meriyah,,flow-parser | meriyah | @types/estree,,True
@radix-ui/react-primitive,662385656,"This is an internal utility, not intended for public usage.",@launchpad-ui/focus-trap | pure-utilities | @devoxa/flocky,,@launchpad-ui/focus-trap | @alwaysmeticulous/common | @devvit/shared-types,,True
undici,660775767,"An HTTP/1.1 client, written from scratch for Node.js",ky | axios | got,,ky | axios | got,,False
@babel/helper-validator-option,651064297,Validate plugin/preset options,vnopts | @directus/validation | @formkit/validation,,@formkit/validation | ow | jest-validate,,True
http-errors,648648904,Create HTTP error objects,@middy/http-error-handler | @hapi/shot | apisauce,,@hapi/shot | apisauce | restify-errors,,True
eslint,645416586,An AST-based pattern checker for JavaScript.,patrun | ts-pattern | @eslint-community/regexpp,,ts-pattern | @eslint-community/regexpp | @ast-grep/cli-linux-x64-gnu,,True
csstype,645111366,Strict TypeScript and Flow types for style based on MDN data,@atlaskit/css-reset | @types/styled-system__css | @fluentui/styles,,@types/styled-system__css | @react-pdf/stylesheet | @vanilla-extract/integration,,True
pnpm,644114080,"Fast, disk space efficient package manager",preferred-pm | @antfu/ni | npm,,preferred-pm | @antfu/ni | npm,,False
scheduler,643109307,Cooperative scheduler for the browser environment.,@syncfusion/ej2-react-schedule | react-big-calendar | @aws-sdk/client-scheduler,,react-big-calendar | @aws-sdk/client-scheduler | agenda,,True
eventemitter3,640541146,EventEmitter3 focuses on performance while maintaining a Node.js AND browser compatible interface.,nanoevents | event-lite | emittery,,nanoevents | event-lite | emittery,,False
execa,640474183,Process execution for humans,teen_process | promisify-child-process | shell-exec,,teen_process | promisify-child-process | shell-exec,,False
@babel/helper-plugin-utils,639408480,General utilities for plugins to use,@flatfile/util-common | tapable | @contrail/util,,@flatfile/util-common | tapable | unplugin,,True
@types/react,636567693,TypeScript definitions for react,@times-components/ts-components | @schemastore/package,,@times-components/ts-components | @schemastore/package,,False
camelcase,636360214,Convert a dash/dot/underscore/space separated string to camelCase or PascalCase: `foo-bar` → `fooBar`,text-case | camelo | ts-case-convert,,ts-case-convert | @stdlib/string-lowercase | @stdlib/string-base-lowercase,,True
@typescript-eslint/utils,636355505,Utilities for working with TypeScript + ESLint together,@eslint-community/eslint-utils | @awesome-code-style/eslint-config | @types/estree,,@eslint-community/eslint-utils | @types/estree | @eslint-react/ast,,True
react-dom,629110534,React package for working with the DOM.,@remix-run/react | react-server-dom-webpack | react-refresh,,@react-spring/web | preact | domino,,True
side-channel,623875153,Store information about any JS value in a side channel. Uses WeakMap if available.,@solid-primitives/map | @agoric/store | @agoric/spawner,,@solid-primitives/map | @volar/source-map | ol,,True
rimraf,622867171,A deep deletion module for node (like `rm -rf`),@pnpm/remove-bins | trash | trash-cli,,trash | lru-cache | clear-module,,True
is-core-module,617306775,Is this specifier a node.js core module?,@lokalise/node-core | builtin-modules | builtins,,@vercel/nft | @npmcli/arborist | init-package-json,,True
es-module-lexer,609154789,Lexes ES modules returning their import/export metadata,cjs-module-lexer | @aws-sdk/client-lex-models-v2 | @aws-sdk/client-lex-runtime-v2,,@aws-sdk/client-lex-runtime-v2 | moddle-xml | rollup,,True
flat-cache,607629836,A simple key/value storage using files to persist the data,file-entry-cache | cacache | @keyvhq/core,,cacache | @react-native-async-storage/async-storage | @algolia/cache-browser-local-storage,,True
@eslint-community/eslint-utils,605918989,Utilities for ESLint plugins.,@open-xchange/lint | @typescript-eslint/type-utils | @typescript-eslint/utils,,@typescript-eslint/type-utils | @typescript-eslint/utils | @ljharb/eslint-config,,True
flatted,605625943,A super light and fast circular JSON parser.,fast-stringify | jsonic | jsonld-streaming-parser,,stream-json | @hapi/bourne | secure-json-parse,,True
keyv,603328504,Simple key-value storage with support for multiple backends,@keyvhq/core | idb-keyval | @alcalzone/jsonl-db,,idb-keyval | @near-js/keystores | @react-native-async-storage/async-storage,,True
esquery,595589778,A query library for ECMAScript AST using a CSS selector like query language.,acorn-walk | regexpp2 | @eslint-community/regexpp,,@phenomnomnominal/tsquery | core-js | @typescript-eslint/parser,,True
ini,589636889,An ini encoder/decoder for node,@ctrl/ts-base32 | @fuel-ts/address | @stablelib/cbor,,@jimp/types | @polkadot/wasm-util | @stablelib/utf8,,True
finalhandler,589234792,Node.js final http responder,responselike | undici | phin-retry,,undici | @algolia/requester-node-http | @hapi/shot,,True
postcss-selector-parser,585608113,Selector parser with built in methods for working with selector strings.,@tokey/css-selector-parser | css-what | css-selector-parser,,css-selector-parser | parsel-js | @csstools/selector-specificity,,True
type-is,577104584,Infer the content-type of a request.,content-type | @hapi/content | content-disposition,,@hapi/content | @sindresorhus/is | @types/content-type,,True
@eslint/js,575388669,ESLint JavaScript language implementation,@eslint-community/eslint-utils | @open-xchange/lint | @mskelton/eslint-config,,@eslint-community/eslint-utils | eslint-linter-browserify | @react-native/eslint-config,,True
raw-body,574246267,Get and validate the raw body of a readable stream.,get-uri | @stdlib/ndarray-base-assert-is-read-only | @badrap/valita,,@badrap/valita | @stdlib/assert-is-plain-object | json-stream-stringify,,True
file-entry-cache,572551069,"A lightweight cache for file metadata, ideal for processes that work on a specific set of files and only need to reproce",flat-cache | read-cache | metro-cache-key,,cacache | @parcel/cache | @alloc/quick-lru,,True
send,569785482,Better streaming static file server with Range and conditional-GET support,superstatic | serve-static | st,,superstatic | @fastify/static | serve,,True
import-fresh,568641325,Import a module while bypassing the cache,clear-module | @protobufjs/inquire | real-require,,clear-module | @protobufjs/inquire | optional-require,,True
@eslint-community/regexpp,561998192,Regular expression parser for ECMAScript.,regexpp2 | acorn | meriyah,,acorn | meriyah | @stdlib/regexp-regexp,,True
open,560118981,"Open stuff like URLs, files, executables. Cross-platform.",execa | mediaelement | @expo/osascript,,execa | @expo/osascript | cac,,True
http-proxy-agent,560090011,An HTTP(s) proxy `http.Agent` implementation for HTTP,https-proxy-agent | proxy-agent | socks-proxy-agent,,proxy-agent | global-agent | proxy,,True
body-parser,559715593,Node.js body parsing middleware,@middy/http-json-body-parser | milliparsec | @koa/bodyparser,,@middy/http-json-body-parser | milliparsec | @koa/bodyparser,,False
parse5,556237811,HTML parser and serializer.,html5parser | node-html-parser | html-parse-stringify2,,html5parser | node-html-parser | cheerio,,True
@typescript-eslint/eslint-plugin,554187799,TypeScript plugin for ESLint,@eslint-community/eslint-utils | @awesome-code-style/eslint-config | @mskelton/eslint-config,,@eslint-community/eslint-utils | @awesome-code-style/eslint-config | @mskelton/eslint-config,,False
lightningcss,553926969,"A CSS parser, transformer, and minifier written in Rust",@adobe/css-tools | parsel-js | css-what,,@adobe/css-tools | parsel-js | css-what,,False
ci-info,553576589,Get details about the current Continuous Integration environment,first-base | ut-tools | @things-factory/integration-base,,@cucumber/ci-environment | pa11y-ci | @backstage/integration,,True
diff,550411040,A JavaScript text diff implementation.,node-diff3 | jsondiffpatch | json-diff-ts,,node-diff3 | jsondiffpatch | json-diff-ts,,False
@jest/types,547911839,This package contains shared types of Jest's packages.,jest-when | create-jest | @schemastore/package,,jest-when | create-jest | jest-circus,,True
@eslint/eslintrc,533660745,The legacy ESLintRC config file format for ESLint,@putout/eslint-config | @shelf/eslint-config | @ljharb/eslint-config,,@antfu/eslint-config | @eslint-community/eslint-utils | @react-native/eslint-config,,True
prettier,533239728,Prettier is an opinionated code formatter,@html-validate/prettier-config | gulp-prettier | @teleporthq/teleport-postprocessor-prettier-js,,@knapsack/prettier-config | dprint | @adonisjs/prettier-config,,True
enhanced-resolve,531731434,Offers a async require.resolve function. It's highly configurable.,resolve | @chialab/node-resolve | @forge/resolver,,optional-require | resolve-pkg | @open-draft/deferred-promise,,True
@typescript-eslint/type-utils,528874229,Type utilities for working with TypeScript + ESLint together,@eslint-community/eslint-utils | @types/estree | thingies,,@eslint-community/eslint-utils | @types/estree | thingies,,False
content-disposition,527770812,Create and parse Content-Disposition header,@hapi/content | content-type | @hapi/subtext,,@hapi/content | @hapi/subtext | http-link-header,,True
fastq,525370321,"Fast, in memory work queue",piscina | queue-cb | heapify,,piscina | fastpriorityqueue | p-queue,,True
@typescript-eslint/parser,520671153,An ESLint custom parser which leverages TypeScript ESTree,meriyah | @babel/eslint-parser | hermes-eslint,,meriyah | flow-parser | espree,,True
serve-static,512524159,Serve static files,st | serve-handler | send,,serve-handler | superstatic | @fastify/static,,True
ipaddr.js,509916937,A library for manipulating IPv4 and IPv6 addresses in JavaScript.,ip-address | ip-num | ip-bigint,,ip-address | ip-num | ip-bigint,,False
ansi-escapes,509687912,ANSI escape codes for manipulating the terminal,sisteransi | strip-ansi | ansi-styles,,@alcalzone/ansi-tokenize | regex-escape | ansi-color,,True
tough-cookie,507213493,RFC6265 Cookies and Cookie Jar for node.js,http-cookie-agent | cookie | @tinyhttp/cookie-signature,,cookie | @tinyhttp/cookie-signature | js-cookie,,True
@types/react-dom,505540750,TypeScript definitions for react-dom,@times-components/ts-components | @remix-run/react | @schemastore/package,,@remix-run/react | @schemastore/package | chrome-types,,True
@opentelemetry/api-logs,505076506,Public logs API for OpenTelemetry,@web/browser-logs | @probe.gl/log,,@web/browser-logs | @probe.gl/log,,False
range-parser,503214513,Range header field string parser,structured-headers | @hapi/content | http-link-header,,structured-headers | @hapi/content | http-link-header,,False
media-typer,502779105,Simple RFC 6838 media type parser and formatter,media-type | @vanillaes/csv | content-type,,http-link-header | music-metadata | fast-uri,,True
jsonfile,501558471,Easily read/write JSON files.,@expo/json-file | read-json-safe | read-pkg,,@expo/json-file | magicast | @stdlib/fs-read-file,,True
cosmiconfig,500337186,"Find and load configuration from a package.json property, rc file, TypeScript module, and more!",get-tsconfig | unconfig | @sindresorhus/tsconfig,,get-tsconfig | unconfig | @pnpm/npm-conf,,True
tapable,496082534,Just a little module for plugins.,@flatfile/util-common | unplugin-combine | @wordpress/plugins,,@flatfile/util-common | @vue/devtools-api | unplugin,,True
whatwg-mimetype,490781000,"Parses, serializes, and manipulates MIME types, according to the WHATWG MIME Sniffing Standard",mime-types | mime-type | media-type,,libmime | http-encoding | postal-mime,,True
proxy-from-env,489856736,"Offers getProxyForUrl to get the proxy URL for a URL, respecting the *_PROXY (e.g. HTTP_PROXY) and NO_PROXY environment ",global-agent | httpxy | proxy-agent,,global-agent | httpxy | follow-redirects,,True
tailwindcss,485870324,A utility-first CSS framework for rapidly building custom user interfaces.,stylis | @xstyled/styled-components | vanilla-framework,,stylis | monday-ui-style | @vanilla-extract/sprinkles,,True
schema-utils,485630731,webpack Validation Utils,@directus/validation | @badrap/valita | package-json-validator,,@badrap/valita | package-json-validator | @types/validator,,True
@vitest/utils,484534118,Shared Vitest utility functions,@backstage/e2e-test-utils | @cypress/mount-utils | vitest-mock-extended,,vitest-mock-extended | @architect/utils | @fast-check/vitest,,True
fast-uri,475066205,Dependency-free RFC 3986 URI toolbox,parse-uri | http-link-header | vscode-uri,,parse-uri | http-link-header | vscode-uri,,False
is-wsl,474592536,Check if the process is running inside Windows Subsystem for Linux (Bash on Windows),native-is-elevated | @liff/is-sub-window | is-executable,,@liff/is-sub-window | nyc | ps-list,,True
slice-ansi,470802474,Slice a string with ANSI escape codes,strip-ansi | ansi-styles | wrap-ansi,,@alcalzone/ansi-tokenize | ansi-color | string-kit,,True
@radix-ui/react-context,469094988,"This is an internal utility, not intended for public usage.",@launchpad-ui/focus-trap | pure-utilities | @devoxa/flocky,,@launchpad-ui/focus-trap | @alwaysmeticulous/common | @devvit/shared-types,,True
jose,469088990,"JWA, JWS, JWE, JWT, JWK, JWKS for Node.js, Browser, Cloudflare Workers, Deno, Bun, and other Web-interoperable runtimes",json-web-token | react-jwt | @tsndr/cloudflare-worker-jwt,,@tsndr/cloudflare-worker-jwt | @peculiar/webcrypto | fast-jwt,,True
@jest/schemas,466821389,Experimental and currently incomplete module for JSON schemas for [Jest's](https://jestjs.io/) configuration.,@types/jest-json-schema | typescript-json-schema | json-schema-to-typescript,,typescript-json-schema | json-schema-to-typescript | json-schema-typed,,True
call-bind,464887588,Robustly `.call.bind()` a function,es-abstract | call-once-fn | @babel/helper-wrap-function,,@babel/helper-wrap-function | @formatjs/ecma402-abstract | @babel/helper-optimise-call-expression,,True
asynckit,460771308,"Minimal async jobs utility library, with streams support",@endo/stream | it-drain | asyncbox,,asyncbox | browser-readablestream-to-it | @loaders.gl/worker-utils,,True
@aws-sdk/types,460571771,Types for the AWS SDK,@types/aws-sdk2-types | @types/aws-lambda | @types/aws-iot-device-sdk,,@types/aws-lambda | @aws-lite/client | @smithy/util-waiter,,True
rollup,459512957,Next-generation ES module bundler,@umijs/bundler-esbuild | @s-ui/bundler | @endo/bundle-source,,lodash-es | metro | @rspack/core,,True
mdn-data,457941161,Open Web data by the Mozilla Developer Network,@mdn/browser-compat-data | node-red-contrib-uibuilder | mdb-reader,,@mdn/browser-compat-data | @vaadin/grid | @vscode/web-custom-data,,True
@smithy/types,452617069,[![NPM version](https://img.shields.io/npm/v/@smithy/types/latest.svg)](https://www.npmjs.com/package/@smithy/types) [![,smbls | @aws-sdk/util-format-url | @aws-sdk/chunked-stream-reader-node,,@aws-sdk/util-format-url | @aws-sdk/util-create-request | @aws-sdk/util-dynamodb,,True
@smithy/util-utf8,452013225,A UTF-8 string <-> UInt8Array converter,@protobufjs/utf8 | @stablelib/utf8 | uint8array-tools,,@protobufjs/utf8 | @stablelib/utf8 | uint8array-tools,,False
jest-util,449295161,This packages is a collection of utilities and helper functions,@livechat/data-utils | @webdeveric/utils | codsen-utils,,codsen-utils | @architect/utils | @oozcitak/util,,True
json-parse-even-better-errors,449215715,JSON.parse with context information on error,parse-json-object | lossless-json | jsonic,,lossless-json | secure-json-parse | @hapi/bourne,,True
jackspeak,448337806,A very strict and proper argument parser.,cmd-ts | type-flag | command-line-args,,cmd-ts | type-flag | command-line-args,,False
chai,446435556,BDD/TDD assertion library for node.js and the browser. Test framework agnostic.,earl | mocha | jasmine-core,,jasmine-core | jasmine | nanoassert,,True
jest-worker,444173594,"Module for executing heavy tasks under forked processes in parallel, by providing a `Promise` based interface, minimum o",it-parallel | p-limit | p-graph,,plimit-lit | @loaders.gl/worker-utils | @expo/spawn-async,,True
foreground-child,443620937,Run a child as if it's the foreground process. Give it stdio. Exit when it exits.,exit-hook | when-exit | spawno,,exit-hook | when-exit | close-with-grace,,True
@vitest/spy,433890225,Lightweight Jest compatible spy implementation,vitest-mock-extended | jest-fetch-mock | @morgan-stanley/ts-mocking-bird,,vitest-mock-extended | jest-fetch-mock | jest-mock-extended,,True
@vitest/expect,432214016,Jest's expect matchers as a Chai plugin,@japa/expect | hamjest | jest-extended,,jest-extended | @testing-library/jest-dom | @jest/expect,,True
which-typed-array,430441478,"Which kind of Typed Array is this JavaScript value? Works cross-realm, without `instanceof`, and despite Symbol.toString",typed-array-length | @stdlib/array-typed | @stdlib/assert-is-typed-array,,@stdlib/array-uint32 | @stdlib/array-uint8 | @stdlib/array-float32,,True
pako,429988854,"zlib port to javascript - fast, modularized, with browser support",node-zopfli-es | simple-zstd | unzipper,,unzipper | fflate | node-liblzma,,True
@sinclair/typebox,425616018,JSONSchema Type Builder with Static Type Resolution for TypeScript,json-schema-typed | @tsed/schema | @hyperjump/json-schema,,json-schema-typed | @hyperjump/json-schema | @redocly/ajv,,True
dom-accessibility-api,419542544,Implements https://w3c.github.io/accname/,aria-api | @wordpress/a11y | @entur/a11y,,@wordpress/a11y | @fluentui/react-aria | @axe-core/react,,True
cjs-module-lexer,414091390,"Lexes CommonJS modules, returning their named exports metadata",es-module-lexer | cjs2esm | detective-cjs,,detective-cjs | @textlint/module-interop | module-definition,,True
@radix-ui/react-compose-refs,413996060,## Installation,@unhead/dom | @unhead/ssr | @antfu/install-pkg,,@unhead/dom | @unhead/ssr | @antfu/install-pkg,,False
css-tree,412031191,"A tool set for CSS: fast detailed parser (CSS → AST), walker (AST traversal), generator (AST → CSS) and lexer (validatio",@csstools/css-parser-algorithms | @adobe/css-tools | @tokey/css-selector-parser,,@csstools/css-parser-algorithms | @adobe/css-tools | parsel-js,,True
@rollup/rollup-linux-x64-gnu,411557412,Native bindings for Rollup,@nx/rollup | sodium-native | @slickgrid-universal/binding,,@nx/rollup | sodium-native | pkgroll,,True
