t_sec,mem_usage,mem_pct,cpu_pct
2,708.6MiB / 8GiB,8.65%,165.83%
5,906.7MiB / 8GiB,11.07%,93.29%
7,1009MiB / 8GiB,12.32%,382.51%
10,1011MiB / 8GiB,12.34%,399.09%
12,1013MiB / 8GiB,12.37%,400.40%
15,1021MiB / 8GiB,12.47%,398.92%
17,1021MiB / 8GiB,12.47%,399.35%
20,1022MiB / 8GiB,12.47%,400.29%
22,1022MiB / 8GiB,12.48%,398.53%
25,1022MiB / 8GiB,12.47%,400.82%
27,1.036GiB / 8GiB,12.94%,399.68%
30,1.036GiB / 8GiB,12.94%,401.11%
32,1.082GiB / 8GiB,13.52%,400.19%
35,1.082GiB / 8GiB,13.52%,400.58%
37,1.247GiB / 8GiB,15.58%,400.37%
40,1.247GiB / 8GiB,15.58%,400.33%
42,1.247GiB / 8GiB,15.58%,398.66%
45,1.247GiB / 8GiB,15.58%,399.26%
47,1.247GiB / 8GiB,15.58%,400.08%
50,1.247GiB / 8GiB,15.59%,394.14%
52,1.247GiB / 8GiB,15.59%,397.38%
55,1.248GiB / 8GiB,15.60%,399.06%
57,1.248GiB / 8GiB,15.60%,398.52%
60,1.248GiB / 8GiB,15.60%,399.06%
62,1.248GiB / 8GiB,15.60%,399.41%
65,1.248GiB / 8GiB,15.60%,400.36%
67,1.248GiB / 8GiB,15.60%,398.99%
70,1.249GiB / 8GiB,15.61%,398.72%
72,1.249GiB / 8GiB,15.61%,399.20%
75,1.249GiB / 8GiB,15.61%,398.25%
77,1.249GiB / 8GiB,15.61%,397.10%
80,1.249GiB / 8GiB,15.61%,398.05%
83,1.249GiB / 8GiB,15.61%,399.47%
85,1.249GiB / 8GiB,15.61%,399.96%
88,1.249GiB / 8GiB,15.62%,400.73%
90,1.25GiB / 8GiB,15.62%,399.34%
93,1.249GiB / 8GiB,15.62%,398.00%
95,1.25GiB / 8GiB,15.62%,399.20%
98,1.25GiB / 8GiB,15.62%,399.09%
100,1.25GiB / 8GiB,15.62%,399.78%
103,1.25GiB / 8GiB,15.62%,398.39%
105,1.25GiB / 8GiB,15.62%,399.25%
108,1.25GiB / 8GiB,15.63%,398.25%
110,1.25GiB / 8GiB,15.63%,399.86%
113,1.25GiB / 8GiB,15.63%,400.46%
115,1.25GiB / 8GiB,15.63%,400.36%
118,1.25GiB / 8GiB,15.63%,397.96%
120,1.25GiB / 8GiB,15.63%,399.67%
123,1.25GiB / 8GiB,15.63%,399.90%
125,1.251GiB / 8GiB,15.63%,400.95%
128,1.251GiB / 8GiB,15.63%,399.49%
130,1.251GiB / 8GiB,15.63%,400.94%
133,1.251GiB / 8GiB,15.64%,400.16%
135,1.251GiB / 8GiB,15.64%,398.28%
138,1.251GiB / 8GiB,15.64%,400.62%
140,1.254GiB / 8GiB,15.67%,399.85%
143,1.258GiB / 8GiB,15.72%,401.19%
145,1.258GiB / 8GiB,15.72%,399.60%
148,1.258GiB / 8GiB,15.73%,400.18%
150,1.258GiB / 8GiB,15.73%,398.97%
153,1.258GiB / 8GiB,15.73%,400.45%
155,1.259GiB / 8GiB,15.73%,400.35%
158,1.259GiB / 8GiB,15.73%,399.50%
160,1.259GiB / 8GiB,15.73%,400.37%
163,1.259GiB / 8GiB,15.73%,400.08%
165,1.259GiB / 8GiB,15.73%,400.82%
168,1.259GiB / 8GiB,15.73%,398.54%
170,1.259GiB / 8GiB,15.74%,400.24%
173,1.259GiB / 8GiB,15.74%,401.42%
175,1.259GiB / 8GiB,15.74%,399.49%
178,1.259GiB / 8GiB,15.74%,398.14%
180,1.259GiB / 8GiB,15.74%,400.17%
183,1.391GiB / 8GiB,17.39%,399.13%
185,1.391GiB / 8GiB,17.39%,398.71%
188,1.391GiB / 8GiB,17.39%,400.40%
190,1.391GiB / 8GiB,17.39%,398.98%
193,1.391GiB / 8GiB,17.39%,399.13%
195,1.391GiB / 8GiB,17.39%,400.78%
198,1.391GiB / 8GiB,17.39%,400.03%
200,1.391GiB / 8GiB,17.39%,400.62%
203,1.391GiB / 8GiB,17.39%,398.96%
205,1.391GiB / 8GiB,17.39%,398.61%
208,1.391GiB / 8GiB,17.39%,398.79%
210,1.392GiB / 8GiB,17.40%,400.64%
213,1.392GiB / 8GiB,17.40%,398.37%
215,1.392GiB / 8GiB,17.40%,398.96%
218,1.392GiB / 8GiB,17.40%,397.26%
220,1.392GiB / 8GiB,17.40%,399.94%
223,1.392GiB / 8GiB,17.40%,399.03%
225,1.392GiB / 8GiB,17.40%,398.45%
228,1.392GiB / 8GiB,17.40%,397.94%
230,1.392GiB / 8GiB,17.40%,398.79%
233,1.392GiB / 8GiB,17.41%,398.86%
235,1.394GiB / 8GiB,17.42%,399.94%
238,1.394GiB / 8GiB,17.42%,398.48%
240,1.394GiB / 8GiB,17.42%,398.23%
243,1.394GiB / 8GiB,17.42%,399.31%
245,1.394GiB / 8GiB,17.42%,399.94%
248,1.394GiB / 8GiB,17.42%,399.99%
250,1.394GiB / 8GiB,17.42%,399.66%
253,1.694GiB / 8GiB,21.18%,399.66%
256,2.776GiB / 8GiB,34.70%,384.46%
258,2.776GiB / 8GiB,34.70%,378.27%
260,2.776GiB / 8GiB,34.70%,384.45%
263,2.776GiB / 8GiB,34.70%,400.97%
266,2.776GiB / 8GiB,34.70%,399.18%
268,2.776GiB / 8GiB,34.70%,399.74%
270,2.776GiB / 8GiB,34.70%,400.31%
273,2.776GiB / 8GiB,34.70%,399.16%
276,2.776GiB / 8GiB,34.70%,399.66%
278,2.776GiB / 8GiB,34.70%,398.18%
280,2.776GiB / 8GiB,34.70%,400.41%
283,2.776GiB / 8GiB,34.70%,399.66%
286,2.776GiB / 8GiB,34.70%,398.97%
288,2.776GiB / 8GiB,34.70%,398.64%
290,2.776GiB / 8GiB,34.70%,400.32%
293,2.776GiB / 8GiB,34.70%,399.10%
296,2.776GiB / 8GiB,34.70%,400.45%
298,2.776GiB / 8GiB,34.70%,400.28%
300,2.776GiB / 8GiB,34.70%,397.80%
303,2.776GiB / 8GiB,34.70%,400.11%
306,2.776GiB / 8GiB,34.71%,400.57%
308,2.776GiB / 8GiB,34.71%,399.86%
310,2.776GiB / 8GiB,34.71%,400.40%
313,2.776GiB / 8GiB,34.71%,399.43%
316,2.777GiB / 8GiB,34.71%,397.93%
318,2.777GiB / 8GiB,34.72%,399.02%
320,2.777GiB / 8GiB,34.72%,400.78%
323,2.777GiB / 8GiB,34.72%,398.88%
326,2.777GiB / 8GiB,34.72%,400.62%
328,2.777GiB / 8GiB,34.72%,398.75%
330,2.777GiB / 8GiB,34.72%,400.11%
333,2.777GiB / 8GiB,34.72%,398.27%
336,2.778GiB / 8GiB,34.72%,400.65%
338,2.778GiB / 8GiB,34.72%,398.29%
340,2.778GiB / 8GiB,34.72%,398.56%
343,2.778GiB / 8GiB,34.72%,400.30%
346,2.778GiB / 8GiB,34.72%,400.81%
348,2.778GiB / 8GiB,34.72%,398.64%
350,2.778GiB / 8GiB,34.72%,399.17%
353,2.879GiB / 8GiB,35.98%,399.39%
356,2.879GiB / 8GiB,35.98%,390.40%
358,2.879GiB / 8GiB,35.98%,388.12%
360,2.879GiB / 8GiB,35.98%,400.97%
363,2.879GiB / 8GiB,35.98%,400.68%
366,2.879GiB / 8GiB,35.98%,398.28%
368,2.879GiB / 8GiB,35.98%,398.09%
370,2.879GiB / 8GiB,35.98%,400.82%
373,2.879GiB / 8GiB,35.98%,399.65%
376,2.879GiB / 8GiB,35.98%,398.18%
378,2.879GiB / 8GiB,35.98%,400.46%
380,2.879GiB / 8GiB,35.98%,399.61%
383,2.879GiB / 8GiB,35.98%,399.66%
386,2.879GiB / 8GiB,35.98%,397.89%
388,2.879GiB / 8GiB,35.99%,400.35%
390,2.879GiB / 8GiB,35.99%,397.57%
393,2.879GiB / 8GiB,35.99%,399.90%
396,2.879GiB / 8GiB,35.99%,400.03%
398,2.879GiB / 8GiB,35.99%,397.60%
400,2.879GiB / 8GiB,35.99%,398.03%
403,2.879GiB / 8GiB,35.99%,399.00%
406,2.879GiB / 8GiB,35.99%,400.49%
408,2.879GiB / 8GiB,35.99%,398.64%
410,2.879GiB / 8GiB,35.99%,400.61%
413,2.879GiB / 8GiB,35.99%,397.67%
416,2.88GiB / 8GiB,36.00%,398.73%
418,2.88GiB / 8GiB,36.00%,397.74%
420,2.88GiB / 8GiB,36.00%,398.77%
423,2.88GiB / 8GiB,36.00%,400.03%
425,2.88GiB / 8GiB,36.00%,400.97%
427,2.88GiB / 8GiB,36.00%,400.11%
430,2.88GiB / 8GiB,36.00%,400.45%
432,2.88GiB / 8GiB,36.01%,399.87%
434,2.88GiB / 8GiB,36.01%,396.87%
437,2.88GiB / 8GiB,36.01%,397.88%
439,2.88GiB / 8GiB,36.01%,398.77%
441,2.881GiB / 8GiB,36.02%,398.30%
444,2.881GiB / 8GiB,36.02%,400.03%
446,2.881GiB / 8GiB,36.02%,399.72%
448,2.881GiB / 8GiB,36.02%,400.61%
451,2.881GiB / 8GiB,36.02%,399.91%
453,2.881GiB / 8GiB,36.02%,400.21%
455,2.881GiB / 8GiB,36.02%,399.37%
458,2.881GiB / 8GiB,36.02%,397.73%
460,2.881GiB / 8GiB,36.02%,399.06%
462,2.882GiB / 8GiB,36.02%,400.86%
465,2.882GiB / 8GiB,36.02%,400.35%
467,2.882GiB / 8GiB,36.02%,398.72%
469,2.882GiB / 8GiB,36.02%,398.47%
472,2.882GiB / 8GiB,36.02%,400.91%
474,2.882GiB / 8GiB,36.02%,399.01%
476,2.882GiB / 8GiB,36.03%,399.30%
479,2.882GiB / 8GiB,36.03%,397.99%
481,2.882GiB / 8GiB,36.03%,400.02%
483,2.882GiB / 8GiB,36.03%,398.55%
485,2.882GiB / 8GiB,36.03%,400.40%
488,2.882GiB / 8GiB,36.03%,400.14%
490,2.882GiB / 8GiB,36.03%,398.93%
492,2.882GiB / 8GiB,36.03%,399.90%
495,2.883GiB / 8GiB,36.03%,400.23%
497,2.883GiB / 8GiB,36.03%,400.60%
499,2.883GiB / 8GiB,36.03%,400.07%
502,2.883GiB / 8GiB,36.03%,400.95%
504,2.883GiB / 8GiB,36.04%,400.20%
506,2.883GiB / 8GiB,36.04%,398.28%
509,2.883GiB / 8GiB,36.04%,399.66%
511,2.883GiB / 8GiB,36.04%,399.77%
513,2.883GiB / 8GiB,36.04%,399.01%
516,2.883GiB / 8GiB,36.04%,399.88%
518,2.883GiB / 8GiB,36.04%,399.65%
520,2.883GiB / 8GiB,36.04%,397.84%
522,2.883GiB / 8GiB,36.04%,400.15%
525,2.883GiB / 8GiB,36.04%,398.27%
527,2.883GiB / 8GiB,36.04%,400.40%
529,2.884GiB / 8GiB,36.05%,398.82%
532,2.884GiB / 8GiB,36.05%,399.62%
534,2.884GiB / 8GiB,36.05%,399.36%
536,2.884GiB / 8GiB,36.05%,399.36%
539,2.884GiB / 8GiB,36.05%,400.16%
541,2.884GiB / 8GiB,36.05%,396.48%
543,2.884GiB / 8GiB,36.05%,400.39%
546,2.884GiB / 8GiB,36.05%,399.82%
548,2.884GiB / 8GiB,36.05%,399.62%
550,2.884GiB / 8GiB,36.05%,401.79%
553,2.884GiB / 8GiB,36.05%,399.87%
555,2.884GiB / 8GiB,36.05%,398.40%
557,2.884GiB / 8GiB,36.05%,398.76%
560,2.884GiB / 8GiB,36.05%,400.83%
562,2.884GiB / 8GiB,36.05%,400.32%
564,2.884GiB / 8GiB,36.05%,400.57%
566,2.885GiB / 8GiB,36.06%,400.20%
569,2.885GiB / 8GiB,36.06%,400.03%
571,2.885GiB / 8GiB,36.06%,400.34%
573,2.885GiB / 8GiB,36.06%,398.81%
576,2.885GiB / 8GiB,36.06%,399.90%
578,2.885GiB / 8GiB,36.06%,399.58%
580,2.885GiB / 8GiB,36.06%,400.36%
583,2.885GiB / 8GiB,36.06%,397.84%
585,2.885GiB / 8GiB,36.06%,400.11%
587,2.885GiB / 8GiB,36.06%,398.54%
590,2.885GiB / 8GiB,36.07%,399.26%
592,2.885GiB / 8GiB,36.07%,400.44%
594,2.885GiB / 8GiB,36.07%,399.95%
597,2.886GiB / 8GiB,36.07%,400.57%
599,2.886GiB / 8GiB,36.07%,399.45%
601,2.887GiB / 8GiB,36.09%,400.07%
604,2.887GiB / 8GiB,36.09%,400.37%
606,2.887GiB / 8GiB,36.09%,399.18%
608,2.887GiB / 8GiB,36.09%,397.53%
611,2.887GiB / 8GiB,36.09%,399.36%
613,2.888GiB / 8GiB,36.09%,398.69%
615,2.888GiB / 8GiB,36.10%,397.96%
618,2.888GiB / 8GiB,36.10%,398.89%
620,2.888GiB / 8GiB,36.10%,399.69%
622,3.673GiB / 8GiB,45.91%,324.29%
625,3.673GiB / 8GiB,45.91%,387.96%
627,3.673GiB / 8GiB,45.91%,381.57%
629,3.673GiB / 8GiB,45.91%,383.86%
632,3.673GiB / 8GiB,45.91%,400.61%
634,3.673GiB / 8GiB,45.91%,400.16%
636,3.673GiB / 8GiB,45.91%,399.69%
639,3.673GiB / 8GiB,45.91%,400.20%
641,3.673GiB / 8GiB,45.91%,399.70%
643,3.673GiB / 8GiB,45.91%,398.73%
646,3.673GiB / 8GiB,45.91%,397.75%
648,3.673GiB / 8GiB,45.91%,400.27%
650,3.673GiB / 8GiB,45.91%,400.58%
653,3.673GiB / 8GiB,45.91%,398.31%
655,3.673GiB / 8GiB,45.91%,398.98%
657,3.673GiB / 8GiB,45.91%,400.32%
660,3.673GiB / 8GiB,45.91%,398.77%
662,3.673GiB / 8GiB,45.91%,398.76%
664,3.673GiB / 8GiB,45.91%,400.16%
667,3.673GiB / 8GiB,45.92%,400.32%
669,3.673GiB / 8GiB,45.92%,400.15%
671,3.673GiB / 8GiB,45.92%,398.47%
674,3.673GiB / 8GiB,45.92%,399.76%
676,3.673GiB / 8GiB,45.92%,400.17%
678,3.674GiB / 8GiB,45.92%,400.75%
681,3.674GiB / 8GiB,45.92%,397.53%
683,3.674GiB / 8GiB,45.92%,400.75%
685,3.674GiB / 8GiB,45.92%,400.36%
688,3.674GiB / 8GiB,45.92%,400.56%
690,3.674GiB / 8GiB,45.92%,400.95%
692,3.674GiB / 8GiB,45.92%,398.47%
695,3.674GiB / 8GiB,45.92%,400.49%
697,3.674GiB / 8GiB,45.92%,399.85%
699,3.674GiB / 8GiB,45.92%,400.12%
702,3.674GiB / 8GiB,45.93%,399.61%
704,3.674GiB / 8GiB,45.93%,399.96%
706,3.674GiB / 8GiB,45.93%,399.37%
709,3.674GiB / 8GiB,45.93%,399.86%
711,3.674GiB / 8GiB,45.93%,400.62%
713,3.674GiB / 8GiB,45.93%,398.48%
716,3.674GiB / 8GiB,45.93%,400.35%
718,3.675GiB / 8GiB,45.93%,399.90%
720,3.675GiB / 8GiB,45.93%,399.07%
723,3.675GiB / 8GiB,45.93%,399.83%
725,3.675GiB / 8GiB,45.93%,399.20%
727,3.675GiB / 8GiB,45.94%,399.79%
730,3.675GiB / 8GiB,45.94%,400.57%
732,3.675GiB / 8GiB,45.94%,399.42%
734,3.675GiB / 8GiB,45.94%,398.47%
737,3.675GiB / 8GiB,45.94%,398.10%
739,3.675GiB / 8GiB,45.94%,398.47%
741,3.675GiB / 8GiB,45.94%,399.08%
743,3.675GiB / 8GiB,45.94%,400.52%
746,3.675GiB / 8GiB,45.94%,398.40%
748,3.675GiB / 8GiB,45.94%,399.85%
750,3.675GiB / 8GiB,45.94%,398.11%
753,3.675GiB / 8GiB,45.94%,400.11%
755,3.675GiB / 8GiB,45.94%,401.08%
757,3.675GiB / 8GiB,45.94%,398.71%
760,3.676GiB / 8GiB,45.95%,400.08%
762,3.676GiB / 8GiB,45.95%,399.61%
764,3.676GiB / 8GiB,45.95%,399.60%
767,3.676GiB / 8GiB,45.95%,398.34%
769,3.676GiB / 8GiB,45.95%,398.26%
771,3.676GiB / 8GiB,45.95%,400.11%
774,3.676GiB / 8GiB,45.95%,400.85%
776,3.676GiB / 8GiB,45.95%,400.36%
778,3.676GiB / 8GiB,45.95%,400.74%
781,3.676GiB / 8GiB,45.95%,400.37%
783,3.676GiB / 8GiB,45.95%,400.28%
785,3.676GiB / 8GiB,45.95%,398.35%
788,3.676GiB / 8GiB,45.95%,397.52%
790,3.676GiB / 8GiB,45.95%,398.78%
793,3.676GiB / 8GiB,45.95%,400.64%
795,3.676GiB / 8GiB,45.95%,400.79%
797,3.676GiB / 8GiB,45.95%,399.37%
800,3.677GiB / 8GiB,45.96%,400.05%
802,3.677GiB / 8GiB,45.96%,399.33%
804,3.677GiB / 8GiB,45.96%,398.08%
807,3.678GiB / 8GiB,45.97%,381.38%
809,3.678GiB / 8GiB,45.97%,379.41%
811,3.678GiB / 8GiB,45.97%,382.03%
814,3.678GiB / 8GiB,45.97%,384.27%
816,3.678GiB / 8GiB,45.97%,400.45%
818,3.678GiB / 8GiB,45.97%,399.83%
821,3.678GiB / 8GiB,45.97%,398.70%
823,3.678GiB / 8GiB,45.97%,400.03%
825,3.678GiB / 8GiB,45.97%,399.91%
828,3.678GiB / 8GiB,45.97%,398.20%
830,3.678GiB / 8GiB,45.97%,398.34%
832,3.678GiB / 8GiB,45.97%,400.45%
835,3.678GiB / 8GiB,45.97%,398.73%
837,3.678GiB / 8GiB,45.97%,399.62%
839,3.678GiB / 8GiB,45.97%,400.57%
841,3.678GiB / 8GiB,45.97%,398.05%
844,3.678GiB / 8GiB,45.97%,400.40%
846,3.678GiB / 8GiB,45.98%,400.67%
848,3.678GiB / 8GiB,45.98%,399.67%
851,3.678GiB / 8GiB,45.98%,400.37%
853,3.678GiB / 8GiB,45.98%,400.65%
855,3.678GiB / 8GiB,45.98%,400.33%
858,3.678GiB / 8GiB,45.98%,399.35%
860,3.678GiB / 8GiB,45.98%,398.85%
862,3.678GiB / 8GiB,45.98%,399.87%
865,3.678GiB / 8GiB,45.98%,400.11%
867,3.678GiB / 8GiB,45.98%,400.53%
869,3.679GiB / 8GiB,45.98%,398.23%
872,3.679GiB / 8GiB,45.98%,398.31%
874,3.679GiB / 8GiB,45.98%,401.07%
876,3.679GiB / 8GiB,45.98%,398.81%
879,3.679GiB / 8GiB,45.98%,398.24%
881,3.679GiB / 8GiB,45.98%,399.39%
883,3.679GiB / 8GiB,45.98%,399.95%
886,3.679GiB / 8GiB,45.98%,398.92%
888,3.679GiB / 8GiB,45.99%,400.37%
890,3.68GiB / 8GiB,45.99%,393.15%
893,3.68GiB / 8GiB,45.99%,391.11%
895,3.68GiB / 8GiB,45.99%,388.73%
897,3.68GiB / 8GiB,45.99%,399.61%
900,3.68GiB / 8GiB,45.99%,400.27%
902,3.68GiB / 8GiB,45.99%,399.98%
904,3.68GiB / 8GiB,45.99%,398.60%
907,3.68GiB / 8GiB,45.99%,400.58%
909,3.68GiB / 8GiB,45.99%,400.24%
911,3.68GiB / 8GiB,45.99%,398.48%
914,3.68GiB / 8GiB,45.99%,398.06%
916,3.68GiB / 8GiB,45.99%,399.42%
918,3.68GiB / 8GiB,45.99%,399.75%
920,3.68GiB / 8GiB,45.99%,398.26%
923,3.68GiB / 8GiB,45.99%,399.33%
925,3.68GiB / 8GiB,45.99%,400.45%
927,3.68GiB / 8GiB,45.99%,399.91%
930,3.68GiB / 8GiB,45.99%,399.83%
932,3.68GiB / 8GiB,45.99%,400.53%
934,3.68GiB / 8GiB,46.00%,398.73%
937,3.68GiB / 8GiB,46.00%,400.13%
939,3.68GiB / 8GiB,46.00%,399.09%
941,3.68GiB / 8GiB,46.00%,397.79%
944,3.68GiB / 8GiB,46.00%,398.32%
946,3.68GiB / 8GiB,46.00%,400.67%
948,3.68GiB / 8GiB,46.00%,398.17%
951,3.68GiB / 8GiB,46.00%,400.40%
953,3.68GiB / 8GiB,46.00%,398.75%
955,3.68GiB / 8GiB,46.00%,398.19%
958,3.681GiB / 8GiB,46.01%,397.64%
960,3.681GiB / 8GiB,46.01%,399.95%
962,3.681GiB / 8GiB,46.01%,399.87%
965,3.681GiB / 8GiB,46.01%,400.62%
967,3.681GiB / 8GiB,46.01%,399.62%
969,3.681GiB / 8GiB,46.01%,397.33%
972,3.681GiB / 8GiB,46.01%,398.78%
974,3.681GiB / 8GiB,46.01%,399.12%
976,3.681GiB / 8GiB,46.01%,398.52%
979,3.681GiB / 8GiB,46.01%,398.48%
981,3.681GiB / 8GiB,46.01%,397.81%
983,3.681GiB / 8GiB,46.01%,400.53%
986,3.681GiB / 8GiB,46.01%,398.44%
988,3.681GiB / 8GiB,46.01%,399.96%
990,3.681GiB / 8GiB,46.01%,400.46%
992,3.681GiB / 8GiB,46.01%,399.37%
995,3.682GiB / 8GiB,46.02%,388.12%
997,3.682GiB / 8GiB,46.02%,387.45%
999,3.682GiB / 8GiB,46.02%,396.21%
1002,3.682GiB / 8GiB,46.02%,397.24%
1004,3.682GiB / 8GiB,46.02%,400.15%
1006,3.682GiB / 8GiB,46.02%,400.94%
1009,3.682GiB / 8GiB,46.02%,398.02%
1011,3.682GiB / 8GiB,46.02%,400.33%
1014,3.682GiB / 8GiB,46.02%,399.91%
1016,3.682GiB / 8GiB,46.02%,398.95%
1018,3.682GiB / 8GiB,46.02%,400.87%
1020,3.682GiB / 8GiB,46.02%,398.27%
1023,3.682GiB / 8GiB,46.02%,400.19%
1025,3.682GiB / 8GiB,46.02%,399.14%
1028,3.682GiB / 8GiB,46.02%,398.96%
1030,3.682GiB / 8GiB,46.02%,400.87%
1032,3.682GiB / 8GiB,46.02%,397.98%
1034,3.682GiB / 8GiB,46.02%,398.59%
1037,3.682GiB / 8GiB,46.02%,399.68%
1039,3.682GiB / 8GiB,46.03%,400.16%
1041,3.682GiB / 8GiB,46.03%,398.68%
1044,3.682GiB / 8GiB,46.03%,398.76%
1046,3.682GiB / 8GiB,46.03%,400.06%
1048,3.682GiB / 8GiB,46.03%,398.52%
1051,3.682GiB / 8GiB,46.03%,400.16%
1053,3.683GiB / 8GiB,46.04%,400.41%
1055,3.683GiB / 8GiB,46.04%,399.62%
1058,3.683GiB / 8GiB,46.04%,398.20%
1060,3.683GiB / 8GiB,46.04%,400.37%
1062,3.683GiB / 8GiB,46.03%,398.95%
1065,3.683GiB / 8GiB,46.03%,400.60%
1067,3.683GiB / 8GiB,46.04%,399.46%
1069,3.683GiB / 8GiB,46.04%,399.70%
1072,3.683GiB / 8GiB,46.04%,399.81%
1074,3.683GiB / 8GiB,46.04%,398.74%
1076,3.683GiB / 8GiB,46.04%,400.52%
1078,3.683GiB / 8GiB,46.04%,400.87%
1081,3.683GiB / 8GiB,46.04%,400.62%
1083,3.683GiB / 8GiB,46.04%,398.19%
1085,3.683GiB / 8GiB,46.04%,399.56%
1088,3.683GiB / 8GiB,46.04%,399.25%
1090,3.683GiB / 8GiB,46.04%,398.57%
1092,3.683GiB / 8GiB,46.04%,398.96%
1095,3.683GiB / 8GiB,46.04%,398.81%
1097,3.684GiB / 8GiB,46.05%,399.62%
1099,3.684GiB / 8GiB,46.05%,398.04%
1102,3.684GiB / 8GiB,46.05%,398.35%
1104,3.684GiB / 8GiB,46.05%,398.30%
1106,3.684GiB / 8GiB,46.05%,397.91%
1109,3.684GiB / 8GiB,46.05%,400.02%
1111,3.684GiB / 8GiB,46.05%,399.35%
1113,3.684GiB / 8GiB,46.05%,398.27%
1116,3.684GiB / 8GiB,46.05%,400.41%
1118,3.684GiB / 8GiB,46.05%,397.82%
1120,3.684GiB / 8GiB,46.05%,398.77%
1123,3.684GiB / 8GiB,46.05%,399.99%
1125,3.684GiB / 8GiB,46.06%,398.96%
1127,3.684GiB / 8GiB,46.06%,399.66%
1130,3.684GiB / 8GiB,46.06%,398.60%
1132,3.684GiB / 8GiB,46.06%,398.72%
1134,3.684GiB / 8GiB,46.06%,400.57%
1137,3.684GiB / 8GiB,46.06%,400.11%
1139,3.684GiB / 8GiB,46.06%,400.58%
1141,3.684GiB / 8GiB,46.06%,399.58%
1143,3.684GiB / 8GiB,46.06%,401.04%
1146,3.684GiB / 8GiB,46.06%,399.48%
1148,3.685GiB / 8GiB,46.06%,399.81%
1150,3.685GiB / 8GiB,46.06%,398.12%
1153,3.685GiB / 8GiB,46.06%,399.01%
1155,3.685GiB / 8GiB,46.06%,399.88%
1157,3.685GiB / 8GiB,46.06%,398.11%
1160,3.685GiB / 8GiB,46.06%,398.89%
1162,3.685GiB / 8GiB,46.06%,400.40%
1164,3.685GiB / 8GiB,46.06%,399.16%
1167,3.685GiB / 8GiB,46.06%,400.61%
1169,3.685GiB / 8GiB,46.06%,400.11%
1171,3.685GiB / 8GiB,46.06%,397.82%
1174,3.685GiB / 8GiB,46.06%,399.62%
1176,3.685GiB / 8GiB,46.06%,400.96%
1178,3.685GiB / 8GiB,46.06%,400.54%
1181,3.685GiB / 8GiB,46.07%,399.88%
1183,3.686GiB / 8GiB,46.07%,400.16%
1185,3.686GiB / 8GiB,46.07%,398.12%
1188,3.686GiB / 8GiB,46.07%,398.21%
1190,3.686GiB / 8GiB,46.07%,400.16%
1192,3.686GiB / 8GiB,46.07%,398.01%
1195,3.687GiB / 8GiB,46.08%,398.83%
1197,3.687GiB / 8GiB,46.08%,399.35%
1199,3.687GiB / 8GiB,46.08%,398.98%
1202,3.687GiB / 8GiB,46.08%,400.25%
1204,3.687GiB / 8GiB,46.08%,398.85%
1206,3.687GiB / 8GiB,46.08%,400.16%
1209,3.687GiB / 8GiB,46.08%,399.67%
1211,3.687GiB / 8GiB,46.08%,398.16%
1213,3.687GiB / 8GiB,46.08%,400.38%
1216,3.687GiB / 8GiB,46.09%,400.36%
1218,3.687GiB / 8GiB,46.09%,398.31%
1220,3.687GiB / 8GiB,46.09%,400.61%
1223,3.687GiB / 8GiB,46.09%,399.29%
1225,3.687GiB / 8GiB,46.09%,399.23%
1227,3.687GiB / 8GiB,46.09%,400.35%
1229,3.687GiB / 8GiB,46.09%,398.07%
1232,3.687GiB / 8GiB,46.09%,399.94%
1234,3.687GiB / 8GiB,46.09%,398.98%
1236,3.688GiB / 8GiB,46.09%,397.41%
1239,3.688GiB / 8GiB,46.09%,391.57%
1241,3.688GiB / 8GiB,46.09%,396.80%
1243,3.688GiB / 8GiB,46.09%,398.31%
1246,3.688GiB / 8GiB,46.09%,400.57%
1248,3.688GiB / 8GiB,46.09%,400.07%
1250,3.688GiB / 8GiB,46.09%,399.09%
1253,3.688GiB / 8GiB,46.09%,400.33%
1255,3.688GiB / 8GiB,46.09%,400.83%
1257,3.688GiB / 8GiB,46.09%,399.91%
1260,3.688GiB / 8GiB,46.09%,399.79%
1262,3.688GiB / 8GiB,46.10%,397.90%
1264,3.688GiB / 8GiB,46.10%,399.98%
1267,3.688GiB / 8GiB,46.10%,400.66%
1269,3.688GiB / 8GiB,46.10%,399.87%
1271,3.688GiB / 8GiB,46.10%,398.46%
1274,3.688GiB / 8GiB,46.10%,398.79%
1276,3.688GiB / 8GiB,46.10%,398.62%
1278,3.688GiB / 8GiB,46.10%,400.52%
1281,3.688GiB / 8GiB,46.10%,399.59%
1283,3.689GiB / 8GiB,46.11%,400.84%
1285,3.689GiB / 8GiB,46.11%,397.98%
1288,3.689GiB / 8GiB,46.11%,400.36%
1290,3.689GiB / 8GiB,46.11%,400.69%
1292,3.689GiB / 8GiB,46.11%,398.24%
1295,3.689GiB / 8GiB,46.11%,399.95%
1297,3.689GiB / 8GiB,46.11%,400.11%
1299,3.689GiB / 8GiB,46.11%,399.37%
1302,3.689GiB / 8GiB,46.11%,398.01%
1304,3.689GiB / 8GiB,46.11%,400.65%
1306,3.689GiB / 8GiB,46.11%,400.66%
1308,3.689GiB / 8GiB,46.11%,400.94%
1311,3.689GiB / 8GiB,46.11%,399.86%
1313,3.689GiB / 8GiB,46.11%,398.05%
1315,3.689GiB / 8GiB,46.11%,400.70%
1318,3.864GiB / 8GiB,48.30%,359.98%
1320,3.864GiB / 8GiB,48.30%,382.12%
1322,3.864GiB / 8GiB,48.30%,386.83%
1325,3.864GiB / 8GiB,48.30%,384.31%
1327,3.864GiB / 8GiB,48.30%,400.18%
1329,3.864GiB / 8GiB,48.30%,400.88%
1332,3.864GiB / 8GiB,48.30%,397.54%
1334,3.864GiB / 8GiB,48.30%,399.24%
1336,3.864GiB / 8GiB,48.30%,397.82%
1339,3.864GiB / 8GiB,48.30%,398.24%
1341,3.864GiB / 8GiB,48.30%,400.48%
1343,3.864GiB / 8GiB,48.30%,398.28%
1346,3.864GiB / 8GiB,48.30%,398.56%
1348,3.864GiB / 8GiB,48.30%,399.10%
1350,3.864GiB / 8GiB,48.30%,400.77%
1353,3.864GiB / 8GiB,48.30%,399.62%
1355,3.864GiB / 8GiB,48.30%,399.02%
1357,3.864GiB / 8GiB,48.30%,399.41%
1360,3.864GiB / 8GiB,48.30%,400.29%
1362,3.864GiB / 8GiB,48.30%,397.50%
1364,3.864GiB / 8GiB,48.30%,398.73%
1367,3.865GiB / 8GiB,48.31%,401.00%
1369,3.865GiB / 8GiB,48.31%,400.37%
1371,3.865GiB / 8GiB,48.31%,399.71%
1374,3.865GiB / 8GiB,48.31%,398.39%
1376,3.865GiB / 8GiB,48.31%,399.99%
1378,3.865GiB / 8GiB,48.31%,400.45%
1381,3.865GiB / 8GiB,48.31%,400.34%
1383,3.865GiB / 8GiB,48.31%,400.58%
1385,3.865GiB / 8GiB,48.31%,399.91%
1387,3.865GiB / 8GiB,48.31%,399.40%
1390,3.865GiB / 8GiB,48.31%,398.45%
1392,3.865GiB / 8GiB,48.31%,400.41%
1394,3.865GiB / 8GiB,48.31%,400.71%
1397,3.865GiB / 8GiB,48.31%,398.95%
1399,3.865GiB / 8GiB,48.31%,398.27%
1401,3.865GiB / 8GiB,48.31%,399.45%
1404,3.865GiB / 8GiB,48.31%,397.77%
1406,3.865GiB / 8GiB,48.32%,400.95%
1408,3.865GiB / 8GiB,48.32%,398.02%
1411,3.865GiB / 8GiB,48.32%,399.75%
1413,3.865GiB / 8GiB,48.32%,398.80%
1415,3.866GiB / 8GiB,48.32%,401.54%
1418,3.866GiB / 8GiB,48.32%,399.62%
1420,3.866GiB / 8GiB,48.32%,400.87%
1422,3.866GiB / 8GiB,48.32%,399.48%
1425,3.866GiB / 8GiB,48.32%,399.04%
1427,3.866GiB / 8GiB,48.32%,399.62%
1429,3.866GiB / 8GiB,48.32%,400.04%
1432,3.866GiB / 8GiB,48.32%,400.40%
1434,3.866GiB / 8GiB,48.33%,398.76%
1436,3.866GiB / 8GiB,48.33%,398.80%
1438,3.866GiB / 8GiB,48.33%,399.86%
1441,3.866GiB / 8GiB,48.33%,399.86%
1443,3.866GiB / 8GiB,48.33%,399.27%
1445,3.866GiB / 8GiB,48.33%,398.56%
1448,3.866GiB / 8GiB,48.33%,400.95%
1450,3.867GiB / 8GiB,48.33%,398.89%
1452,3.867GiB / 8GiB,48.33%,400.15%
1455,3.867GiB / 8GiB,48.33%,400.37%
1457,3.867GiB / 8GiB,48.33%,398.02%
1459,3.867GiB / 8GiB,48.33%,400.83%
1462,3.867GiB / 8GiB,48.33%,398.16%
1464,3.867GiB / 8GiB,48.33%,398.27%
1466,3.867GiB / 8GiB,48.33%,398.49%
1469,3.867GiB / 8GiB,48.33%,399.87%
1471,3.868GiB / 8GiB,48.34%,384.95%
1473,3.868GiB / 8GiB,48.34%,392.37%
1476,3.868GiB / 8GiB,48.34%,398.87%
1478,3.868GiB / 8GiB,48.34%,397.78%
1480,3.868GiB / 8GiB,48.34%,398.60%
1483,3.868GiB / 8GiB,48.34%,400.25%
1485,3.868GiB / 8GiB,48.34%,400.66%
1487,3.868GiB / 8GiB,48.34%,400.03%
1490,3.868GiB / 8GiB,48.34%,398.77%
1492,3.868GiB / 8GiB,48.34%,399.71%
1494,3.868GiB / 8GiB,48.34%,400.54%
1497,3.868GiB / 8GiB,48.34%,399.02%
1499,3.868GiB / 8GiB,48.34%,398.74%
1501,3.868GiB / 8GiB,48.34%,400.29%
1503,3.868GiB / 8GiB,48.34%,400.03%
1506,3.868GiB / 8GiB,48.34%,400.24%
1508,3.868GiB / 8GiB,48.34%,400.45%
1510,3.868GiB / 8GiB,48.34%,399.28%
1513,3.868GiB / 8GiB,48.35%,400.11%
1515,3.868GiB / 8GiB,48.35%,400.38%
1517,3.868GiB / 8GiB,48.35%,399.87%
1520,3.868GiB / 8GiB,48.35%,399.70%
1522,3.868GiB / 8GiB,48.35%,400.61%
1524,3.868GiB / 8GiB,48.35%,399.49%
1527,3.868GiB / 8GiB,48.35%,399.29%
1529,3.868GiB / 8GiB,48.36%,397.00%
1531,3.868GiB / 8GiB,48.36%,396.34%
1534,3.868GiB / 8GiB,48.36%,400.12%
1536,3.868GiB / 8GiB,48.36%,400.11%
1538,3.868GiB / 8GiB,48.36%,399.51%
1541,3.868GiB / 8GiB,48.36%,400.40%
1543,3.868GiB / 8GiB,48.36%,400.00%
1545,3.869GiB / 8GiB,48.36%,399.91%
1548,3.869GiB / 8GiB,48.36%,398.83%
1550,3.869GiB / 8GiB,48.36%,398.90%
1552,3.869GiB / 8GiB,48.36%,400.16%
1555,3.869GiB / 8GiB,48.36%,399.35%
1557,3.869GiB / 8GiB,48.36%,399.17%
1559,3.869GiB / 8GiB,48.36%,398.24%
1561,3.869GiB / 8GiB,48.36%,400.41%
1564,3.869GiB / 8GiB,48.36%,399.86%
1566,3.869GiB / 8GiB,48.36%,400.32%
1568,3.869GiB / 8GiB,48.36%,400.12%
1571,3.869GiB / 8GiB,48.37%,400.41%
1573,3.869GiB / 8GiB,48.37%,400.28%
1575,3.869GiB / 8GiB,48.37%,399.29%
1578,3.869GiB / 8GiB,48.37%,396.32%
1580,3.869GiB / 8GiB,48.37%,398.69%
1582,3.869GiB / 8GiB,48.37%,398.03%
1585,3.869GiB / 8GiB,48.37%,398.60%
1587,3.869GiB / 8GiB,48.37%,399.62%
1589,3.87GiB / 8GiB,48.37%,397.81%
1592,3.87GiB / 8GiB,48.37%,398.14%
1594,3.87GiB / 8GiB,48.37%,400.65%
1596,3.87GiB / 8GiB,48.37%,398.64%
1599,3.87GiB / 8GiB,48.37%,399.26%
1601,3.87GiB / 8GiB,48.37%,398.15%
1603,3.87GiB / 8GiB,48.38%,398.74%
1605,3.87GiB / 8GiB,48.38%,398.41%
1608,3.87GiB / 8GiB,48.38%,400.62%
1610,3.87GiB / 8GiB,48.38%,398.98%
1612,3.87GiB / 8GiB,48.38%,400.11%
1615,3.87GiB / 8GiB,48.38%,400.82%
1617,3.87GiB / 8GiB,48.38%,398.73%
1619,3.87GiB / 8GiB,48.38%,400.33%
1622,3.87GiB / 8GiB,48.38%,400.86%
1624,3.871GiB / 8GiB,48.39%,400.20%
1626,3.871GiB / 8GiB,48.39%,400.30%
1629,3.871GiB / 8GiB,48.39%,399.20%
1631,3.871GiB / 8GiB,48.39%,398.28%
1633,3.871GiB / 8GiB,48.39%,397.53%
1636,3.871GiB / 8GiB,48.39%,397.57%
1638,3.871GiB / 8GiB,48.39%,399.78%
1640,3.871GiB / 8GiB,48.39%,397.98%
1643,3.871GiB / 8GiB,48.39%,398.06%
1645,3.871GiB / 8GiB,48.39%,400.32%
1647,3.871GiB / 8GiB,48.39%,399.86%
1650,3.871GiB / 8GiB,48.39%,400.33%
1652,3.871GiB / 8GiB,48.39%,399.46%
1654,3.872GiB / 8GiB,48.40%,400.08%
1657,3.871GiB / 8GiB,48.39%,399.45%
1659,3.871GiB / 8GiB,48.39%,400.19%
1661,3.871GiB / 8GiB,48.39%,399.03%
1664,3.871GiB / 8GiB,48.39%,400.22%
1666,3.872GiB / 8GiB,48.40%,398.74%
1668,3.872GiB / 8GiB,48.40%,377.19%
1671,3.872GiB / 8GiB,48.40%,383.49%
1673,3.872GiB / 8GiB,48.40%,371.34%
1675,3.872GiB / 8GiB,48.40%,383.20%
1678,3.872GiB / 8GiB,48.40%,400.33%
1680,3.872GiB / 8GiB,48.40%,400.45%
1682,3.872GiB / 8GiB,48.40%,397.33%
1685,3.872GiB / 8GiB,48.40%,400.12%
1687,3.872GiB / 8GiB,48.40%,399.21%
1689,3.872GiB / 8GiB,48.40%,399.16%
1692,3.872GiB / 8GiB,48.40%,397.66%
1694,3.872GiB / 8GiB,48.40%,398.27%
1696,3.872GiB / 8GiB,48.40%,399.95%
1699,3.872GiB / 8GiB,48.40%,400.58%
1701,3.872GiB / 8GiB,48.40%,400.54%
1703,3.873GiB / 8GiB,48.41%,381.84%
1706,3.873GiB / 8GiB,48.41%,385.87%
1708,3.873GiB / 8GiB,48.41%,386.18%
1710,3.873GiB / 8GiB,48.41%,373.28%
1713,3.873GiB / 8GiB,48.41%,400.12%
1715,3.873GiB / 8GiB,48.41%,400.70%
1717,3.873GiB / 8GiB,48.41%,399.91%
1720,3.873GiB / 8GiB,48.41%,399.83%
1722,3.873GiB / 8GiB,48.41%,397.82%
1724,3.873GiB / 8GiB,48.41%,400.41%
1727,3.873GiB / 8GiB,48.41%,399.74%
1729,3.873GiB / 8GiB,48.41%,400.86%
1731,3.873GiB / 8GiB,48.41%,398.73%
1734,3.873GiB / 8GiB,48.41%,400.74%
1736,3.873GiB / 8GiB,48.41%,399.87%
1738,3.873GiB / 8GiB,48.41%,397.83%
1740,3.873GiB / 8GiB,48.41%,400.17%
1743,3.873GiB / 8GiB,48.41%,400.69%
1745,3.873GiB / 8GiB,48.42%,397.90%
1747,3.873GiB / 8GiB,48.42%,400.16%
1750,3.873GiB / 8GiB,48.42%,397.97%
1752,3.873GiB / 8GiB,48.42%,400.39%
1754,3.874GiB / 8GiB,48.42%,399.50%
1757,3.874GiB / 8GiB,48.42%,398.51%
1759,3.874GiB / 8GiB,48.42%,398.61%
1761,3.874GiB / 8GiB,48.42%,400.71%
1764,3.874GiB / 8GiB,48.42%,398.90%
1766,3.874GiB / 8GiB,48.42%,399.06%
1768,3.874GiB / 8GiB,48.42%,397.81%
1771,3.874GiB / 8GiB,48.42%,399.87%
1773,3.874GiB / 8GiB,48.42%,399.61%
1775,3.874GiB / 8GiB,48.43%,397.15%
1778,3.874GiB / 8GiB,48.43%,398.55%
1780,3.874GiB / 8GiB,48.43%,399.95%
1782,3.874GiB / 8GiB,48.43%,400.40%
1785,3.874GiB / 8GiB,48.43%,400.40%
1787,4.137GiB / 8GiB,51.71%,373.48%
1789,3.776GiB / 8GiB,47.20%,356.71%
1792,5.289GiB / 8GiB,66.12%,100.14%
1794,5.403GiB / 8GiB,67.54%,99.80%
1796,5.408GiB / 8GiB,67.60%,100.27%
1799,0B / 0B,0.00%,0.00%
