# 서울 버스 승차 인원 순위 + busRouteId (2026-07 CSV 집계, 상위 200)
# 출처: 2026년_버스노선별_정류장별_시간대별_승하차_인원_정보(07월).csv 승차 합계 + 서울시버스노선ID정보(20260804).xlsx
# 승차 합계 내림차순. ID는 위치/도착 API가 받는 내부 busRouteId.
# rank	route_no	segment	boardings	bus_route_id
1	143	정릉~개포동	1174641	100100022
2	160	도봉산~온수동	977943	100100033
3	272	면목동~남가좌동	965594	100100048
4	271	용마문화복지센터~월드컵파크7단지	963546	100100047
5	130	우이동~길동	901427	100100018
6	150	도봉산~석수역	896703	100100029
7	152	화계사~삼막사사거리	889207	100100031
8	360	송파차고지~여의도	862684	100100057
9	273	중랑차고지~동교동	858914	100100049
10	147	월계동~도곡동	852783	100100026
11	340	강동차고지~무지개아파트	832828	100100055
12	146	상계주공7단지~강남역	815896	100100025
13	142	도봉동~고속터미널	799681	100100021
14	163	우이동~대방역	794530	100100032
15	420	개포동~답십리역	771688	100100068
16	140	도봉산역~AT센터	755777	100100019
17	641	문래동~양재동	739684	100100094
18	5531	군포공영차고지~노량진	739424	100100265
19	120	우이동~청량리	717732	100100017
20	262	중랑공영차고지~여의도	712717	100100044
21	421	염곡동~옥수동	712000	100100409
22	301	장지공영차고지~혜화동	711450	100100051
23	202	불암동~후암동	703152	100100039
24	5524	난곡차고지~중앙대학	696981	100100260
25	144	우이동~교대	694007	100100023
26	4318	남태령역~천호역	687784	100100237
27	370	강동공영차고지~충정로역	683521	100100061
28	4212	남태령역~중곡역	674090	100100234
29	720	기자촌~답십리	665650	100100111
30	643	양천차고지~강남역	665139	100100096
31	303	성남~신설동	660968	100100053
32	721	북가좌동~건대입구역	657044	100100112
33	461	장지공영차고지~여의도	656966	100100071
34	261	장위동~여의도환승센터	648752	100100043
35	동작01	달마사~대방역	646072	119900007
36	260	중랑차고지~여의도	645156	100100042
37	5712	가산동~홍대입구역	644437	100100286
38	5714	광명공영차고지~이대입구	632661	100100288
39	504	광명공영차고지~남대문	623409	100100079
40	402	장지공영차고지~시청	618099	100100063
41	6637	광명 노온사동~목동	611196	100100312
42	151	우이동~중앙대	611170	100100030
43	463	염곡동~국회의사당	607315	100100605
44	141	도봉산~염곡동	602403	100100020
45	742	구산동~상도동	600651	100100116
46	6515	양천차고지~삼막사거리	594461	100100521
47	652	신월동~금천우체국	593875	100100099
48	145	번동~강남역	591736	100100024
49	5623	군포 공영차고지~여의도	591080	100100279
50	3413	강일동공영차고지~수서경찰서	584479	100100225
51	5413	시흥~고속터미널	583032	100100249
52	600	온수동~광화문	559839	100100085
53	740	덕은동~삼성역	556876	100100537
54	100	하계동~용산구청	556408	100100549
55	6628	외발산동~여의도	545153	100100305
56	1224	상계동~청량리	543695	100100181
57	7734	진관공영차고지~홍대입구역	543517	111000010
58	752	구산동~노량진	541848	100100117
59	741	진관차고지~헌인릉입구	541230	123000010
60	162	정릉~여의도	539627	100100034
61	270	상암동차고지~망우리	531981	100100046
62	101	화계사~동대문	527915	100100006
63	7016	은평차고지~상명대	523053	100100447
64	452	송파차고지~중대병원	521000	113000002
65	500	석수역~을지로입구	520721	100100076
66	470	상암차고지~안골마을	519730	100100073
67	148	번동~방배동	515693	100100027
68	302	성남~동대문	514790	100100052
69	2211	면목동~회기역	507933	100100194
70	7212	은평차고지~극동그린아파트앞	506587	100100499
71	3315	마천동~송파구민회관	505261	100100221
72	6514	양천공영차고지~서울대	504114	100100294
73	472	개포동~신촌	500142	100100075
74	171	용마문화복지센터~월드컵파크7단지	499990	100100036
75	571	가산동~기자촌	497225	100100084
76	400	염곡동~시청	496565	100100596
77	6716	양천공영차고지~이대입구	491722	100100451
78	601	개화동~종로4가	489268	100100086
79	2016	중랑차고지~이촌2동	487348	100100522
80	241	중랑차고지~논현역	486336	100100595
81	2015	신내공영차고지~동대문운동장	486283	100100190
82	540	군포공영차고지~강남성모병원	486086	100100083
83	702A	원당~종로1가	482833	100100104
84	5626	안양~온수동	480629	100100282
85	6211	신월동~상왕십리	478923	100100289
86	761	진관차고지~영등포역	474583	111000014
87	7211	기자촌~신설동	455669	100100344
88	602	양천공용차고지~시청앞	455094	100100087
89	320	송파차고지~상봉터미널	454809	100100564
90	341	강동공영차고지~우면동	449395	100100056
91	507	석수역~동대문문화공원	446054	100100082
92	서초18	선바위역~매헌초등학교	445223	121900016
93	3217	송파차고지~어린이대공원	444558	100100216
94	342	강동차고지~압구정로데오역	442443	124000038
95	654	방화동~노들역	441355	115000007
96	401	장지공영차고지~서울역	440295	100100062
97	5620	시흥동~선유도역	438982	100100277
98	5530	군포공영차고지~사당역	437840	100100264
99	333	송파차고지~올림픽공원	436322	100100496
100	2227	중랑공영차고지~광장동	434702	100100202
101	6512	구로동~서울대	432411	100100292
102	121	화계사~서울숲	431176	100100583
103	440	송파공영차고지~압구정동	431107	100100459
104	102	상계동~동대문	430527	100100007
105	753	구산동~상도동	429715	100100118
106	651	방화동~관악구청	428541	100100098
107	506	신림동~종로1가	426135	100100081
108	1711	국민대~공덕동	425337	100100185
109	603	신월동~시청	423839	100100088
110	5713	안양비산동차고지~신촌기차역	422472	100100287
111	4312	개포동~가락1동주민센터	422373	100100500
112	441	월암공영차고지~한강버스압구정선착장	418873	100100070
113	103	삼화상운~서울역	418537	100100008
114	505	노온사동~서울역	417746	100100080
115	5536	하안동~중앙대	412669	100100268
116	605	강서공영차고지~후암동	412233	100100090
117	650	외발산동~서울대입구	412186	100100097
118	금천03	가산디지털단지역~구로디지털단지역	411389	117900003
119	173	월계동~연세대	409009	110000002
120	금천01	청.독산역~벽산아파트	408668	117900008
121	7612	홍은동~영등포	405804	100100346
122	6411	신정동~선릉역	403333	100100290
123	용산02	한신아파트~용산경찰서	400988	102900002
124	350	송파공영차고지~노들역	395607	100100553
125	양천01	등촌역~당산역	393827	114900001
126	5535	하안동~노량진	391975	100100267
127	2230	면목동~경동시장	389672	100100203
128	502	월암공영차고지~한국은행신세계	386677	100100410
129	3318	강동차고지~미사강변도시~마천동	382244	100100498
130	3220	오금동~청량리	376893	100100218
131	4319	남태령역~잠실역	376723	100100427
132	604	신월동~중구청	370361	100100089
133	3216	오금동~경희의료원	370002	100100215
134	7022	구산동~서울역	369042	100100341
135	1165	화계사~미아삼거리역	369022	100100172
136	5618	구로동~구로동	366646	100100275
137	5515	신동아아파트~청림동현대아파트	364021	100100252
138	2012	신내공영차고지~동대문역사문화공원	363833	100100186
139	104	강북청소년수련관난나~숭례문	362724	100100009
140	107	민락동차고지~종로5가	362651	100100012
141	7019	은평공영차고지~시청(서소문)	361710	100100339
142	5516	신림2동차고지~노량진	361208	100100253
143	7611	은평차고지~여의도	359758	100100345
144	6715	신월동~상암동	359492	100100332
145	105	상계동~서울역	358930	100100010
146	1132	월계동~노원역	358233	100100148
147	3011	장지공영차고지~한남동	354780	100100438
148	7011	은평차고지~중구청	354407	100100450
149	242	중랑공영차고지~개포시영아파트	352993	104000006
150	5012	가산동~용산역	350210	100100248
151	640	신월동~강남역	349677	100100093
152	606	부천상동~종로1가	347711	100100091
153	2312	강동공영차고지~중랑공영차고지	346293	100100611
154	3420	복정역환승센터~구반포역	344008	100100579
155	5511	신림2동차고지~중앙대학교	343427	100100250
156	707	가좌동~서울역	341392	111000022
157	7021	은평공영차고지~롯데백화점	341116	100100340
158	2412	성수동~세곡동사거리	340187	100100209
159	6713	철산동~홍대입구역	339027	100100293
160	240	중랑공영차고지~한강버스압구정선착장	336598	100100407
161	5528	가산동~사당역	335129	100100263
162	172	하계동~월드컵2.3단지	333841	100100037
163	541	군포공영차고지~강남역	332228	100100574
164	7720	구산동~신촌	331926	100100352
165	1111	번동~성북동	330977	100100132
166	3411	강동공영차고지~한티역	329996	100100223
167	1213	용마문화복지센터~국민대학교	329578	100100175
168	501	한남운수대학동차고지~종로2가	329267	100100077
169	7727	설문동~신촌	327764	100100358
170	710	상암차고지~수유역	327270	100100110
171	2233	면목동~옥수동	327159	100100204
172	361	송파차고지~여의도	326066	100100454
173	750A	A,신촌,수색교~서울대	324230	100100114
174	3412	강동공영차고지~강남역	324208	100100224
175	3414	오금동~개포동	318560	100100226
176	406	개포동~서울역	318536	100100064
177	7737	수색은평공영차고지~파크빌아파트	318176	100100363
178	4211	염곡동~한양대동문앞	317859	100100604
179	201	구리~서울역	317508	100100038
180	5615	난곡~여의도	316389	100100272
181	2311	중랑차고지~문정동	314003	100100599
182	2112	면목동~성북동	312313	100100191
183	5633	노온사동~순복음교회	312243	100100285
184	강서05	강서농수산물도매시장~발산역	311410	115900005
185	345	송파차고지~구반포역	310871	124000036
186	1137	상계동~미아사거리	310518	100100152
187	7025	은평차고지~종로	308521	100100446
188	750B	은평차고지~서울대	305740	100100565
189	700	대화동~서울역	305265	100100440
190	1126	강북청소년수련관난나~안방학동	301747	100100142
191	0411	용산차고지~AT센터	301571	104000012
192	6629	방화동~영등포	301280	100100306
193	3417	장지공영차고지~삼성역	301146	100100229
194	노원14	청백1단지아파트~세그루학원	299320	109900011
195	2221	자양동~신설동	298417	100100198
196	1218	수유역~답십리	296361	100100177
197	6624	신월동~이대목동병원	295475	100100302
198	3322	송파차고지~잠실종합운동장	295024	100100613
199	서대문03	홍은2동주민센터~신촌역	294762	112900004
200	7017	은평공영차고지~롯데백화점	293802	100100337
